,Time,Driver,DriverNumber,LapTime,LapNumber,Stint,PitOutTime,PitInTime,Sector1Time,Sector2Time,Sector3Time,Sector1SessionTime,Sector2SessionTime,Sector3SessionTime,SpeedI1,SpeedI2,SpeedFL,SpeedST,IsPersonalBest,Compound,TyreLife,FreshTyre,Team,LapStartTime,LapStartDate,TrackStatus,Position,Deleted,DeletedReason,FastF1Generated,IsAccurate
0,0 days 00:59:15.626000,LEC,16,,1.0,1.0,,,,0 days 00:00:29.783000,0 days 00:00:23.702000,,0 days 00:58:52.046000,0 days 00:59:15.690000,271.0,234.0,242.0,242.0,False,MEDIUM,1.0,True,Ferrari,0 days 00:57:47.946000,2025-08-03 13:03:06.040,1,1.0,False,,False,False
1,0 days 01:00:38.455000,LEC,16,82.829,2.0,1.0,,,0 days 00:00:30.160000,0 days 00:00:29.384000,0 days 00:00:23.285000,0 days 00:59:45.786000,0 days 01:00:15.170000,0 days 01:00:38.455000,272.0,237.0,244.0,281.0,True,MEDIUM,2.0,True,Ferrari,0 days 00:59:15.626000,2025-08-03 13:04:33.720,1,1.0,False,,False,True
2,0 days 01:02:00.950000,LEC,16,82.495,3.0,1.0,,,0 days 00:00:29.770000,0 days 00:00:29.427000,0 days 00:00:23.298000,0 days 01:01:08.225000,0 days 01:01:37.652000,0 days 01:02:00.950000,275.0,243.0,245.0,282.0,True,MEDIUM,3.0,True,Ferrari,0 days 01:00:38.455000,2025-08-03 13:05:56.549,1,1.0,False,,False,True
3,0 days 01:03:23.228000,LEC,16,82.278,4.0,1.0,,,0 days 00:00:29.755000,0 days 00:00:29.340000,0 days 00:00:23.183000,0 days 01:02:30.705000,0 days 01:03:00.045000,0 days 01:03:23.228000,273.0,240.0,245.0,283.0,True,MEDIUM,4.0,True,Ferrari,0 days 01:02:00.950000,2025-08-03 13:07:19.044,1,1.0,False,,False,True
4,0 days 01:04:45.546000,LEC,16,82.318,5.0,1.0,,,0 days 00:00:29.618000,0 days 00:00:29.300000,0 days 00:00:23.400000,0 days 01:03:52.846000,0 days 01:04:22.146000,0 days 01:04:45.546000,275.0,241.0,243.0,284.0,False,MEDIUM,5.0,True,Ferrari,0 days 01:03:23.228000,2025-08-03 13:08:41.322,1,1.0,False,,False,True
5,0 days 01:06:07.903000,LEC,16,82.357,6.0,1.0,,,0 days 00:00:29.666000,0 days 00:00:29.403000,0 days 00:00:23.288000,0 days 01:05:15.212000,0 days 01:05:44.615000,0 days 01:06:07.903000,276.0,240.0,245.0,285.0,False,MEDIUM,6.0,True,Ferrari,0 days 01:04:45.546000,2025-08-03 13:10:03.640,1,1.0,False,,False,True
6,0 days 01:07:29.949000,LEC,16,82.046,7.0,1.0,,,0 days 00:00:29.640000,0 days 00:00:29.277000,0 days 00:00:23.129000,0 days 01:06:37.543000,0 days 01:07:06.820000,0 days 01:07:29.949000,,242.0,245.0,286.0,True,MEDIUM,7.0,True,Ferrari,0 days 01:06:07.903000,2025-08-03 13:11:25.997,1,1.0,False,,False,True
7,0 days 01:08:51.689000,LEC,16,81.74,8.0,1.0,,,0 days 00:00:29.561000,0 days 00:00:29.076000,0 days 00:00:23.103000,0 days 01:07:59.510000,0 days 01:08:28.586000,0 days 01:08:51.689000,277.0,242.0,245.0,285.0,True,MEDIUM,8.0,True,Ferrari,0 days 01:07:29.949000,2025-08-03 13:12:48.043,1,1.0,False,,False,True
8,0 days 01:10:13.511000,LEC,16,81.822,9.0,1.0,,,0 days 00:00:29.647000,0 days 00:00:29.130000,0 days 00:00:23.045000,0 days 01:09:21.336000,0 days 01:09:50.466000,0 days 01:10:13.511000,269.0,244.0,246.0,281.0,False,MEDIUM,9.0,True,Ferrari,0 days 01:08:51.689000,2025-08-03 13:14:09.783,1,1.0,False,,False,True
9,0 days 01:11:35.455000,LEC,16,81.944,10.0,1.0,,,0 days 00:00:29.741000,0 days 00:00:29.201000,0 days 00:00:23.002000,0 days 01:10:43.252000,0 days 01:11:12.453000,0 days 01:11:35.455000,,244.0,245.0,280.0,False,MEDIUM,10.0,True,Ferrari,0 days 01:10:13.511000,2025-08-03 13:15:31.605,1,1.0,False,,False,True
10,0 days 01:12:57.297000,LEC,16,81.842,11.0,1.0,,,0 days 00:00:29.639000,0 days 00:00:29.156000,0 days 00:00:23.047000,0 days 01:12:05.094000,0 days 01:12:34.250000,0 days 01:12:57.297000,270.0,243.0,246.0,,False,MEDIUM,11.0,True,Ferrari,0 days 01:11:35.455000,2025-08-03 13:16:53.549,1,1.0,False,,False,True
11,0 days 01:14:19.322000,LEC,16,82.025,12.0,1.0,,,0 days 00:00:29.720000,0 days 00:00:29.224000,0 days 00:00:23.081000,0 days 01:13:27.017000,0 days 01:13:56.241000,0 days 01:14:19.322000,269.0,244.0,246.0,281.0,False,MEDIUM,12.0,True,Ferrari,0 days 01:12:57.297000,2025-08-03 13:18:15.391,1,1.0,False,,False,True
12,0 days 01:15:41.222000,LEC,16,81.9,13.0,1.0,,,0 days 00:00:29.603000,0 days 00:00:29.222000,0 days 00:00:23.075000,0 days 01:14:48.925000,0 days 01:15:18.147000,0 days 01:15:41.222000,,243.0,246.0,,False,MEDIUM,13.0,True,Ferrari,0 days 01:14:19.322000,2025-08-03 13:19:37.416,1,1.0,False,,False,True
13,0 days 01:17:03.200000,LEC,16,81.978,14.0,1.0,,,0 days 00:00:29.708000,0 days 00:00:29.196000,0 days 00:00:23.074000,0 days 01:16:10.930000,0 days 01:16:40.126000,0 days 01:17:03.200000,,246.0,246.0,,False,MEDIUM,14.0,True,Ferrari,0 days 01:15:41.222000,2025-08-03 13:20:59.316,1,1.0,False,,False,True
14,0 days 01:18:25.280000,LEC,16,82.08,15.0,1.0,,,0 days 00:00:29.730000,0 days 00:00:29.259000,0 days 00:00:23.091000,0 days 01:17:32.930000,0 days 01:18:02.189000,0 days 01:18:25.280000,,244.0,246.0,,False,MEDIUM,15.0,True,Ferrari,0 days 01:17:03.200000,2025-08-03 13:22:21.294,1,1.0,False,,False,True
15,0 days 01:19:47.755000,LEC,16,82.475,16.0,1.0,,,0 days 00:00:30.072000,0 days 00:00:29.210000,0 days 00:00:23.193000,0 days 01:18:55.352000,0 days 01:19:24.562000,0 days 01:19:47.755000,,244.0,247.0,280.0,False,MEDIUM,16.0,True,Ferrari,0 days 01:18:25.280000,2025-08-03 13:23:43.374,1,1.0,False,,False,True
16,0 days 01:21:09.975000,LEC,16,82.22,17.0,1.0,,,0 days 00:00:29.834000,0 days 00:00:29.174000,0 days 00:00:23.212000,0 days 01:20:17.589000,0 days 01:20:46.763000,0 days 01:21:09.975000,270.0,243.0,245.0,281.0,False,MEDIUM,17.0,True,Ferrari,0 days 01:19:47.755000,2025-08-03 13:25:05.849,1,1.0,False,,False,True
17,0 days 01:22:32.291000,LEC,16,82.316,18.0,1.0,,,0 days 00:00:29.737000,0 days 00:00:29.312000,0 days 00:00:23.267000,0 days 01:21:39.712000,0 days 01:22:09.024000,0 days 01:22:32.291000,,243.0,245.0,,False,MEDIUM,18.0,True,Ferrari,0 days 01:21:09.975000,2025-08-03 13:26:28.069,1,1.0,False,,False,True
18,0 days 01:23:56.843000,LEC,16,84.552,19.0,1.0,,0 days 01:23:55.108000,0 days 00:00:29.580000,0 days 00:00:29.137000,0 days 00:00:25.835000,0 days 01:23:01.871000,0 days 01:23:31.008000,0 days 01:23:56.843000,278.0,243.0,,285.0,False,MEDIUM,19.0,True,Ferrari,0 days 01:22:32.291000,2025-08-03 13:27:50.385,1,1.0,False,,False,False
19,0 days 01:25:35.926000,LEC,16,99.083,20.0,2.0,0 days 01:24:16.388000,,0 days 00:00:47.529000,0 days 00:00:28.780000,0 days 00:00:22.774000,0 days 01:24:44.372000,0 days 01:25:13.152000,0 days 01:25:35.926000,276.0,247.0,254.0,,False,HARD,1.0,True,Ferrari,0 days 01:23:56.843000,2025-08-03 13:29:14.937,1,3.0,False,,False,False
20,0 days 01:26:57.461000,LEC,16,81.535,21.0,2.0,,,0 days 00:00:29.240000,0 days 00:00:29.229000,0 days 00:00:23.066000,0 days 01:26:05.166000,0 days 01:26:34.395000,0 days 01:26:57.461000,274.0,244.0,246.0,305.0,True,HARD,2.0,True,Ferrari,0 days 01:25:35.926000,2025-08-03 13:30:54.020,1,2.0,False,,False,True
21,0 days 01:28:18.416000,LEC,16,80.955,22.0,2.0,,,0 days 00:00:29.297000,0 days 00:00:28.705000,0 days 00:00:22.953000,0 days 01:27:26.758000,0 days 01:27:55.463000,0 days 01:28:18.416000,275.0,246.0,246.0,286.0,True,HARD,3.0,True,Ferrari,0 days 01:26:57.461000,2025-08-03 13:32:15.555,1,2.0,False,,False,True
22,0 days 01:29:39.327000,LEC,16,80.911,23.0,2.0,,,0 days 00:00:29.208000,0 days 00:00:28.741000,0 days 00:00:22.962000,0 days 01:28:47.624000,0 days 01:29:16.365000,0 days 01:29:39.327000,277.0,247.0,246.0,288.0,True,HARD,4.0,True,Ferrari,0 days 01:28:18.416000,2025-08-03 13:33:36.510,1,2.0,False,,False,True
23,0 days 01:31:00.607000,LEC,16,81.28,24.0,2.0,,,0 days 00:00:29.311000,0 days 00:00:28.938000,0 days 00:00:23.031000,0 days 01:30:08.638000,0 days 01:30:37.576000,0 days 01:31:00.607000,,246.0,246.0,,False,HARD,5.0,True,Ferrari,0 days 01:29:39.327000,2025-08-03 13:34:57.421,1,2.0,False,,False,True
24,0 days 01:32:21.818000,LEC,16,81.211,25.0,2.0,,,0 days 00:00:29.281000,0 days 00:00:28.924000,0 days 00:00:23.006000,0 days 01:31:29.888000,0 days 01:31:58.812000,0 days 01:32:21.818000,276.0,245.0,247.0,287.0,False,HARD,6.0,True,Ferrari,0 days 01:31:00.607000,2025-08-03 13:36:18.701,1,2.0,False,,False,True
25,0 days 01:33:42.947000,LEC,16,81.129,26.0,2.0,,,0 days 00:00:29.420000,0 days 00:00:28.818000,0 days 00:00:22.891000,0 days 01:32:51.238000,0 days 01:33:20.056000,0 days 01:33:42.947000,,248.0,247.0,,False,HARD,7.0,True,Ferrari,0 days 01:32:21.818000,2025-08-03 13:37:39.912,1,2.0,False,,False,True
26,0 days 01:35:03.851000,LEC,16,80.904,27.0,2.0,,,0 days 00:00:29.321000,0 days 00:00:28.767000,0 days 00:00:22.816000,0 days 01:34:12.268000,0 days 01:34:41.035000,0 days 01:35:03.851000,275.0,247.0,247.0,288.0,True,HARD,8.0,True,Ferrari,0 days 01:33:42.947000,2025-08-03 13:39:01.041,1,2.0,False,,False,True
27,0 days 01:36:24.971000,LEC,16,81.12,28.0,2.0,,,0 days 00:00:29.332000,0 days 00:00:28.871000,0 days 00:00:22.917000,0 days 01:35:33.183000,0 days 01:36:02.054000,0 days 01:36:24.971000,272.0,247.0,249.0,,False,HARD,9.0,True,Ferrari,0 days 01:35:03.851000,2025-08-03 13:40:21.945,1,2.0,False,,False,True
28,0 days 01:37:46.551000,LEC,16,81.58,29.0,2.0,,,0 days 00:00:29.508000,0 days 00:00:29.162000,0 days 00:00:22.910000,0 days 01:36:54.479000,0 days 01:37:23.641000,0 days 01:37:46.551000,,247.0,249.0,283.0,False,HARD,10.0,True,Ferrari,0 days 01:36:24.971000,2025-08-03 13:41:43.065,1,2.0,False,,False,True
29,0 days 01:39:08.034000,LEC,16,81.483,30.0,2.0,,,0 days 00:00:29.510000,0 days 00:00:28.874000,0 days 00:00:23.099000,0 days 01:38:16.061000,0 days 01:38:44.935000,0 days 01:39:08.034000,,248.0,248.0,,False,HARD,11.0,True,Ferrari,0 days 01:37:46.551000,2025-08-03 13:43:04.645,1,2.0,False,,False,True
30,0 days 01:40:29.572000,LEC,16,81.538,31.0,2.0,,,0 days 00:00:29.491000,0 days 00:00:28.928000,0 days 00:00:23.119000,0 days 01:39:37.525000,0 days 01:40:06.453000,0 days 01:40:29.572000,273.0,247.0,247.0,,False,HARD,12.0,True,Ferrari,0 days 01:39:08.034000,2025-08-03 13:44:26.128,1,1.0,False,,False,True
31,0 days 01:41:51.133000,LEC,16,81.561,32.0,2.0,,,0 days 00:00:29.583000,0 days 00:00:28.962000,0 days 00:00:23.016000,0 days 01:40:59.155000,0 days 01:41:28.117000,0 days 01:41:51.133000,271.0,247.0,247.0,281.0,False,HARD,13.0,True,Ferrari,0 days 01:40:29.572000,2025-08-03 13:45:47.666,1,1.0,False,,False,True
32,0 days 01:43:12.581000,LEC,16,81.448,33.0,2.0,,,0 days 00:00:29.600000,0 days 00:00:28.775000,0 days 00:00:23.073000,0 days 01:42:20.733000,0 days 01:42:49.508000,0 days 01:43:12.581000,,248.0,248.0,282.0,False,HARD,14.0,True,Ferrari,0 days 01:41:51.133000,2025-08-03 13:47:09.227,1,1.0,False,,False,True
33,0 days 01:44:33.693000,LEC,16,81.112,34.0,2.0,,,0 days 00:00:29.484000,0 days 00:00:28.572000,0 days 00:00:23.056000,0 days 01:43:42.065000,0 days 01:44:10.637000,0 days 01:44:33.693000,272.0,248.0,248.0,284.0,False,HARD,15.0,True,Ferrari,0 days 01:43:12.581000,2025-08-03 13:48:30.675,1,1.0,False,,False,True
34,0 days 01:45:55.186000,LEC,16,81.493,35.0,2.0,,,0 days 00:00:29.429000,0 days 00:00:28.910000,0 days 00:00:23.154000,0 days 01:45:03.122000,0 days 01:45:32.032000,0 days 01:45:55.186000,,245.0,249.0,285.0,False,HARD,16.0,True,Ferrari,0 days 01:44:33.693000,2025-08-03 13:49:51.787,1,1.0,False,,False,True
35,0 days 01:47:16.488000,LEC,16,81.302,36.0,2.0,,,0 days 00:00:29.434000,0 days 00:00:28.848000,0 days 00:00:23.020000,0 days 01:46:24.620000,0 days 01:46:53.468000,0 days 01:47:16.488000,273.0,248.0,246.0,284.0,False,HARD,17.0,True,Ferrari,0 days 01:45:55.186000,2025-08-03 13:51:13.280,1,1.0,False,,False,True
36,0 days 01:48:37.756000,LEC,16,81.268,37.0,2.0,,,0 days 00:00:29.426000,0 days 00:00:28.830000,0 days 00:00:23.012000,0 days 01:47:45.914000,0 days 01:48:14.744000,0 days 01:48:37.756000,,249.0,249.0,283.0,False,HARD,18.0,True,Ferrari,0 days 01:47:16.488000,2025-08-03 13:52:34.582,1,1.0,False,,False,True
37,0 days 01:49:59.440000,LEC,16,81.684,38.0,2.0,,,0 days 00:00:29.529000,0 days 00:00:29.014000,0 days 00:00:23.141000,0 days 01:49:07.285000,0 days 01:49:36.299000,0 days 01:49:59.440000,272.0,249.0,248.0,284.0,False,HARD,19.0,True,Ferrari,0 days 01:48:37.756000,2025-08-03 13:53:55.850,1,1.0,False,,False,True
38,0 days 01:51:21.069000,LEC,16,81.629,39.0,2.0,,,0 days 00:00:29.484000,0 days 00:00:28.972000,0 days 00:00:23.173000,0 days 01:50:28.924000,0 days 01:50:57.896000,0 days 01:51:21.069000,,247.0,249.0,,False,HARD,20.0,True,Ferrari,0 days 01:49:59.440000,2025-08-03 13:55:17.534,1,1.0,False,,False,True
39,0 days 01:52:45.087000,LEC,16,84.018,40.0,2.0,,0 days 01:52:43.334000,0 days 00:00:29.462000,0 days 00:00:28.983000,0 days 00:00:25.573000,0 days 01:51:50.531000,0 days 01:52:19.514000,0 days 01:52:45.087000,,248.0,,286.0,False,HARD,21.0,True,Ferrari,0 days 01:51:21.069000,2025-08-03 13:56:39.163,1,2.0,False,,False,False
40,0 days 01:54:23.072000,LEC,16,97.985,41.0,3.0,0 days 01:53:04.482000,,0 days 00:00:46.959000,0 days 00:00:28.318000,0 days 00:00:22.708000,0 days 01:53:32.046000,0 days 01:54:00.364000,0 days 01:54:23.072000,271.0,249.0,250.0,,False,HARD,1.0,True,Ferrari,0 days 01:52:45.087000,2025-08-03 13:58:03.181,1,4.0,False,,False,False
41,0 days 01:55:43.760000,LEC,16,80.688,42.0,3.0,,,0 days 00:00:29.131000,0 days 00:00:28.603000,0 days 00:00:22.954000,0 days 01:54:52.203000,0 days 01:55:20.806000,0 days 01:55:43.760000,,248.0,250.0,285.0,True,HARD,2.0,True,Ferrari,0 days 01:54:23.072000,2025-08-03 13:59:41.166,1,4.0,False,,False,True
42,0 days 01:57:04.308000,LEC,16,80.548,43.0,3.0,,,0 days 00:00:29.141000,0 days 00:00:28.526000,0 days 00:00:22.881000,0 days 01:56:12.901000,0 days 01:56:41.427000,0 days 01:57:04.308000,273.0,251.0,252.0,286.0,True,HARD,3.0,True,Ferrari,0 days 01:55:43.760000,2025-08-03 14:01:01.854,1,4.0,False,,False,True
43,0 days 01:58:24.948000,LEC,16,80.64,44.0,3.0,,,0 days 00:00:29.266000,0 days 00:00:28.613000,0 days 00:00:22.761000,0 days 01:57:33.574000,0 days 01:58:02.187000,0 days 01:58:24.948000,274.0,249.0,251.0,288.0,False,HARD,4.0,True,Ferrari,0 days 01:57:04.308000,2025-08-03 14:02:22.402,1,3.0,False,,False,True
44,0 days 01:59:46.045000,LEC,16,81.097,45.0,3.0,,,0 days 00:00:29.293000,0 days 00:00:28.711000,0 days 00:00:23.093000,0 days 01:58:54.241000,0 days 01:59:22.952000,0 days 01:59:46.045000,,250.0,248.0,,False,HARD,5.0,True,Ferrari,0 days 01:58:24.948000,2025-08-03 14:03:43.042,1,3.0,False,,False,True
45,0 days 02:01:06.605000,LEC,16,80.56,46.0,3.0,,,0 days 00:00:29.214000,0 days 00:00:28.464000,0 days 00:00:22.882000,0 days 02:00:15.259000,0 days 02:00:43.723000,0 days 02:01:06.605000,,250.0,251.0,287.0,False,HARD,6.0,True,Ferrari,0 days 01:59:46.045000,2025-08-03 14:05:04.139,1,2.0,False,,False,True
46,0 days 02:02:27.045000,LEC,16,80.44,47.0,3.0,,,0 days 00:00:29.099000,0 days 00:00:28.535000,0 days 00:00:22.806000,0 days 02:01:35.704000,0 days 02:02:04.239000,0 days 02:02:27.045000,,252.0,250.0,286.0,True,HARD,7.0,True,Ferrari,0 days 02:01:06.605000,2025-08-03 14:06:24.699,1,2.0,False,,False,True
47,0 days 02:03:47.869000,LEC,16,80.824,48.0,3.0,,,0 days 00:00:29.231000,0 days 00:00:28.560000,0 days 00:00:23.033000,0 days 02:02:56.276000,0 days 02:03:24.836000,0 days 02:03:47.869000,,250.0,249.0,287.0,False,HARD,8.0,True,Ferrari,0 days 02:02:27.045000,2025-08-03 14:07:45.139,1,2.0,False,,False,True
48,0 days 02:05:08.814000,LEC,16,80.945,49.0,3.0,,,0 days 00:00:29.357000,0 days 00:00:28.619000,0 days 00:00:22.969000,0 days 02:04:17.226000,0 days 02:04:45.845000,0 days 02:05:08.814000,,248.0,251.0,288.0,False,HARD,9.0,True,Ferrari,0 days 02:03:47.869000,2025-08-03 14:09:05.963,1,2.0,False,,False,True
49,0 days 02:06:30.429000,LEC,16,81.615,50.0,3.0,,,0 days 00:00:29.304000,0 days 00:00:29.318000,0 days 00:00:22.993000,0 days 02:05:38.118000,0 days 02:06:07.436000,0 days 02:06:30.429000,276.0,250.0,251.0,289.0,False,HARD,10.0,True,Ferrari,0 days 02:05:08.814000,2025-08-03 14:10:26.908,1,2.0,False,,False,True
50,0 days 02:07:52.537000,LEC,16,82.108,51.0,3.0,,,0 days 00:00:29.891000,0 days 00:00:29.053000,0 days 00:00:23.164000,0 days 02:07:00.320000,0 days 02:07:29.373000,0 days 02:07:52.537000,,249.0,250.0,296.0,False,HARD,11.0,True,Ferrari,0 days 02:06:30.429000,2025-08-03 14:11:48.523,1,3.0,False,,False,True
51,0 days 02:09:13.768000,LEC,16,81.231,52.0,3.0,,,0 days 00:00:29.531000,0 days 00:00:28.790000,0 days 00:00:22.910000,0 days 02:08:22.068000,0 days 02:08:50.858000,0 days 02:09:13.768000,275.0,252.0,252.0,287.0,False,HARD,12.0,True,Ferrari,0 days 02:07:52.537000,2025-08-03 14:13:10.631,1,3.0,False,,False,True
52,0 days 02:10:34.628000,LEC,16,80.86,53.0,3.0,,,0 days 00:00:29.242000,0 days 00:00:28.706000,0 days 00:00:22.912000,0 days 02:09:43.010000,0 days 02:10:11.716000,0 days 02:10:34.628000,276.0,251.0,250.0,288.0,False,HARD,13.0,True,Ferrari,0 days 02:09:13.768000,2025-08-03 14:14:31.862,1,3.0,False,,False,True
53,0 days 02:11:55.422000,LEC,16,80.794,54.0,3.0,,,0 days 00:00:29.327000,0 days 00:00:28.536000,0 days 00:00:22.931000,0 days 02:11:03.955000,0 days 02:11:32.491000,0 days 02:11:55.422000,,253.0,250.0,,False,HARD,14.0,True,Ferrari,0 days 02:10:34.628000,2025-08-03 14:15:52.722,1,3.0,False,,False,True
54,0 days 02:13:16.589000,LEC,16,81.167,55.0,3.0,,,0 days 00:00:29.404000,0 days 00:00:28.704000,0 days 00:00:23.059000,0 days 02:12:24.826000,0 days 02:12:53.530000,0 days 02:13:16.589000,275.0,252.0,251.0,,False,HARD,15.0,True,Ferrari,0 days 02:11:55.422000,2025-08-03 14:17:13.516,1,3.0,False,,False,True
55,0 days 02:14:37.914000,LEC,16,81.325,56.0,3.0,,,0 days 00:00:29.315000,0 days 00:00:28.821000,0 days 00:00:23.189000,0 days 02:13:45.904000,0 days 02:14:14.725000,0 days 02:14:37.914000,276.0,250.0,253.0,290.0,False,HARD,16.0,True,Ferrari,0 days 02:13:16.589000,2025-08-03 14:18:34.683,1,3.0,False,,False,True
56,0 days 02:15:59.789000,LEC,16,81.875,57.0,3.0,,,0 days 00:00:29.263000,0 days 00:00:29.143000,0 days 00:00:23.469000,0 days 02:15:07.177000,0 days 02:15:36.320000,0 days 02:15:59.789000,283.0,249.0,250.0,297.0,False,HARD,17.0,True,Ferrari,0 days 02:14:37.914000,2025-08-03 14:19:56.008,1,3.0,False,,False,True
57,0 days 02:17:21.191000,LEC,16,81.402,58.0,3.0,,,0 days 00:00:29.280000,0 days 00:00:28.924000,0 days 00:00:23.198000,0 days 02:16:29.069000,0 days 02:16:57.993000,0 days 02:17:21.191000,,248.0,252.0,294.0,False,HARD,18.0,True,Ferrari,0 days 02:15:59.789000,2025-08-03 14:21:17.883,1,3.0,False,,False,True
58,0 days 02:18:42.521000,LEC,16,81.33,59.0,3.0,,,0 days 00:00:29.396000,0 days 00:00:28.888000,0 days 00:00:23.046000,0 days 02:17:50.587000,0 days 02:18:19.475000,0 days 02:18:42.521000,,250.0,252.0,298.0,False,HARD,19.0,True,Ferrari,0 days 02:17:21.191000,2025-08-03 14:22:39.285,1,3.0,False,,False,True
59,0 days 02:20:04.243000,LEC,16,81.722,60.0,3.0,,,0 days 00:00:29.551000,0 days 00:00:28.986000,0 days 00:00:23.185000,0 days 02:19:12.072000,0 days 02:19:41.058000,0 days 02:20:04.243000,285.0,251.0,248.0,,False,HARD,20.0,True,Ferrari,0 days 02:18:42.521000,2025-08-03 14:24:00.615,1,3.0,False,,False,True
60,0 days 02:21:25.961000,LEC,16,81.718,61.0,3.0,,,0 days 00:00:29.451000,0 days 00:00:28.972000,0 days 00:00:23.295000,0 days 02:20:33.694000,0 days 02:21:02.666000,0 days 02:21:25.961000,283.0,251.0,253.0,295.0,False,HARD,21.0,True,Ferrari,0 days 02:20:04.243000,2025-08-03 14:25:22.337,1,3.0,False,,False,True
61,0 days 02:22:49.072000,LEC,16,83.111,62.0,3.0,,,0 days 00:00:30.486000,0 days 00:00:29.253000,0 days 00:00:23.372000,0 days 02:21:56.447000,0 days 02:22:25.700000,0 days 02:22:49.072000,286.0,251.0,251.0,297.0,False,HARD,22.0,True,Ferrari,0 days 02:21:25.961000,2025-08-03 14:26:44.055,1,4.0,False,,False,True
62,0 days 02:24:10.758000,LEC,16,81.686,63.0,3.0,,,0 days 00:00:29.425000,0 days 00:00:28.983000,0 days 00:00:23.278000,0 days 02:23:18.497000,0 days 02:23:47.480000,0 days 02:24:10.758000,283.0,250.0,249.0,296.0,False,HARD,23.0,True,Ferrari,0 days 02:22:49.072000,2025-08-03 14:28:07.166,1,4.0,False,,False,True
63,0 days 02:25:32.871000,LEC,16,82.113,64.0,3.0,,,0 days 00:00:29.504000,0 days 00:00:29.089000,0 days 00:00:23.520000,0 days 02:24:40.262000,0 days 02:25:09.351000,0 days 02:25:32.871000,282.0,249.0,247.0,291.0,False,HARD,24.0,True,Ferrari,0 days 02:24:10.758000,2025-08-03 14:29:28.852,1,4.0,False,,False,True
64,0 days 02:26:54.787000,LEC,16,81.916,65.0,3.0,,,0 days 00:00:29.395000,0 days 00:00:29.083000,0 days 00:00:23.438000,0 days 02:26:02.266000,0 days 02:26:31.349000,0 days 02:26:54.787000,,244.0,248.0,,False,HARD,25.0,True,Ferrari,0 days 02:25:32.871000,2025-08-03 14:30:50.965,1,4.0,False,,False,True
65,0 days 02:28:16.585000,LEC,16,81.798,66.0,3.0,,,0 days 00:00:29.422000,0 days 00:00:29.008000,0 days 00:00:23.368000,0 days 02:27:24.209000,0 days 02:27:53.217000,0 days 02:28:16.585000,,247.0,247.0,290.0,False,HARD,26.0,True,Ferrari,0 days 02:26:54.787000,2025-08-03 14:32:12.881,1,4.0,False,,False,True
66,0 days 02:29:38.430000,LEC,16,81.845,67.0,3.0,,,0 days 00:00:29.474000,0 days 00:00:29.052000,0 days 00:00:23.319000,0 days 02:28:46.059000,0 days 02:29:15.111000,0 days 02:29:38.430000,281.0,248.0,249.0,,False,HARD,27.0,True,Ferrari,0 days 02:28:16.585000,2025-08-03 14:33:34.679,1,4.0,False,,False,True
67,0 days 02:31:01.087000,LEC,16,82.657,68.0,3.0,,,0 days 00:00:29.770000,0 days 00:00:29.535000,0 days 00:00:23.352000,0 days 02:30:08.200000,0 days 02:30:37.735000,0 days 02:31:01.087000,286.0,247.0,251.0,,False,HARD,28.0,True,Ferrari,0 days 02:29:38.430000,2025-08-03 14:34:56.524,1,4.0,False,,False,True
68,0 days 02:32:24.109000,LEC,16,83.022,69.0,3.0,,,0 days 00:00:29.967000,0 days 00:00:29.644000,0 days 00:00:23.411000,0 days 02:31:31.054000,0 days 02:32:00.698000,0 days 02:32:24.109000,,248.0,251.0,293.0,False,HARD,29.0,True,Ferrari,0 days 02:31:01.087000,2025-08-03 14:36:19.181,1,4.0,False,,False,True
69,0 days 02:33:47.023000,LEC,16,82.914,70.0,3.0,,,0 days 00:00:29.387000,0 days 00:00:29.439000,0 days 00:00:24.088000,0 days 02:32:53.496000,0 days 02:33:22.935000,0 days 02:33:47.023000,285.0,245.0,235.0,295.0,False,HARD,30.0,True,Ferrari,0 days 02:32:24.109000,2025-08-03 14:37:42.203,1,4.0,False,,False,True
70,0 days 00:59:16.252000,PIA,81,,1.0,1.0,,,,0 days 00:00:30.320000,0 days 00:00:23.249000,,0 days 00:58:53.040000,0 days 00:59:16.329000,265.0,238.0,244.0,243.0,False,MEDIUM,1.0,True,McLaren,0 days 00:57:47.946000,2025-08-03 13:03:06.040,1,2.0,False,,False,False
71,0 days 01:00:39.494000,PIA,81,83.242,2.0,1.0,,,0 days 00:00:30.171000,0 days 00:00:29.873000,0 days 00:00:23.198000,0 days 00:59:46.436000,0 days 01:00:16.309000,0 days 01:00:39.507000,269.0,236.0,245.0,283.0,True,MEDIUM,2.0,True,McLaren,0 days 00:59:16.252000,2025-08-03 13:04:34.346,1,2.0,False,,False,True
72,0 days 01:02:02.596000,PIA,81,83.102,3.0,1.0,,,0 days 00:00:29.915000,0 days 00:00:30.010000,0 days 00:00:23.177000,0 days 01:01:09.422000,0 days 01:01:39.432000,0 days 01:02:02.609000,267.0,239.0,244.0,,True,MEDIUM,3.0,True,McLaren,0 days 01:00:39.494000,2025-08-03 13:05:57.588,1,2.0,False,,False,True
73,0 days 01:03:25.353000,PIA,81,82.757,4.0,1.0,,,0 days 00:00:29.952000,0 days 00:00:29.818000,0 days 00:00:22.987000,0 days 01:02:32.561000,0 days 01:03:02.379000,0 days 01:03:25.366000,269.0,239.0,245.0,281.0,True,MEDIUM,4.0,True,McLaren,0 days 01:02:02.596000,2025-08-03 13:07:20.690,1,2.0,False,,False,True
74,0 days 01:04:48.005000,PIA,81,82.652,5.0,1.0,,,0 days 00:00:29.803000,0 days 00:00:29.783000,0 days 00:00:23.066000,0 days 01:03:55.169000,0 days 01:04:24.952000,0 days 01:04:48.018000,266.0,240.0,245.0,282.0,True,MEDIUM,5.0,True,McLaren,0 days 01:03:25.353000,2025-08-03 13:08:43.447,1,2.0,False,,False,True
75,0 days 01:06:10.603000,PIA,81,82.598,6.0,1.0,,,0 days 00:00:29.816000,0 days 00:00:29.698000,0 days 00:00:23.084000,0 days 01:05:17.834000,0 days 01:05:47.532000,0 days 01:06:10.616000,272.0,240.0,244.0,283.0,True,MEDIUM,6.0,True,McLaren,0 days 01:04:48.005000,2025-08-03 13:10:06.099,1,2.0,False,,False,True
76,0 days 01:07:32.637000,PIA,81,82.034,7.0,1.0,,,0 days 00:00:29.723000,0 days 00:00:29.306000,0 days 00:00:23.005000,0 days 01:06:40.339000,0 days 01:07:09.645000,0 days 01:07:32.650000,273.0,242.0,245.0,,True,MEDIUM,7.0,True,McLaren,0 days 01:06:10.603000,2025-08-03 13:11:28.697,1,2.0,False,,False,True
77,0 days 01:08:54.577000,PIA,81,81.94,8.0,1.0,,,0 days 00:00:29.756000,0 days 00:00:29.308000,0 days 00:00:22.876000,0 days 01:08:02.406000,0 days 01:08:31.714000,0 days 01:08:54.590000,272.0,241.0,245.0,281.0,True,MEDIUM,8.0,True,McLaren,0 days 01:07:32.637000,2025-08-03 13:12:50.731,1,2.0,False,,False,True
78,0 days 01:10:16.416000,PIA,81,81.839,9.0,1.0,,,0 days 00:00:29.632000,0 days 00:00:29.234000,0 days 00:00:22.973000,0 days 01:09:24.222000,0 days 01:09:53.456000,0 days 01:10:16.429000,274.0,242.0,245.0,282.0,True,MEDIUM,9.0,True,McLaren,0 days 01:08:54.577000,2025-08-03 13:14:12.671,1,2.0,False,,False,True
79,0 days 01:11:38.079000,PIA,81,81.663,10.0,1.0,,,0 days 00:00:29.723000,0 days 00:00:29.041000,0 days 00:00:22.899000,0 days 01:10:46.152000,0 days 01:11:15.193000,0 days 01:11:38.092000,,244.0,245.0,,True,MEDIUM,10.0,True,McLaren,0 days 01:10:16.416000,2025-08-03 13:15:34.510,1,2.0,False,,False,True
80,0 days 01:12:59.979000,PIA,81,81.9,11.0,1.0,,,0 days 00:00:29.774000,0 days 00:00:29.154000,0 days 00:00:22.972000,0 days 01:12:07.866000,0 days 01:12:37.020000,0 days 01:12:59.992000,275.0,242.0,245.0,283.0,False,MEDIUM,11.0,True,McLaren,0 days 01:11:38.079000,2025-08-03 13:16:56.173,1,2.0,False,,False,True
81,0 days 01:14:21.918000,PIA,81,81.939,12.0,1.0,,,0 days 00:00:29.785000,0 days 00:00:29.143000,0 days 00:00:23.011000,0 days 01:13:29.777000,0 days 01:13:58.920000,0 days 01:14:21.931000,274.0,243.0,246.0,,False,MEDIUM,12.0,True,McLaren,0 days 01:12:59.979000,2025-08-03 13:18:18.073,1,2.0,False,,False,True
82,0 days 01:15:44.149000,PIA,81,82.231,13.0,1.0,,,0 days 00:00:29.735000,0 days 00:00:29.460000,0 days 00:00:23.036000,0 days 01:14:51.666000,0 days 01:15:21.126000,0 days 01:15:44.162000,,238.0,245.0,284.0,False,MEDIUM,13.0,True,McLaren,0 days 01:14:21.918000,2025-08-03 13:19:40.012,1,2.0,False,,False,True
83,0 days 01:17:06.214000,PIA,81,82.065,14.0,1.0,,,0 days 00:00:29.803000,0 days 00:00:29.299000,0 days 00:00:22.963000,0 days 01:16:13.965000,0 days 01:16:43.264000,0 days 01:17:06.227000,275.0,240.0,246.0,283.0,False,MEDIUM,14.0,True,McLaren,0 days 01:15:44.149000,2025-08-03 13:21:02.243,1,2.0,False,,False,True
84,0 days 01:18:28.289000,PIA,81,82.075,15.0,1.0,,,0 days 00:00:29.802000,0 days 00:00:29.314000,0 days 00:00:22.959000,0 days 01:17:36.029000,0 days 01:18:05.343000,0 days 01:18:28.302000,,243.0,246.0,284.0,False,MEDIUM,15.0,True,McLaren,0 days 01:17:06.214000,2025-08-03 13:22:24.308,1,2.0,False,,False,True
85,0 days 01:19:50.427000,PIA,81,82.138,16.0,1.0,,,0 days 00:00:29.790000,0 days 00:00:29.188000,0 days 00:00:23.160000,0 days 01:18:58.092000,0 days 01:19:27.280000,0 days 01:19:50.440000,,243.0,245.0,,False,MEDIUM,16.0,True,McLaren,0 days 01:18:28.289000,2025-08-03 13:23:46.383,1,2.0,False,,False,True
86,0 days 01:21:12.483000,PIA,81,82.056,17.0,1.0,,,0 days 00:00:29.709000,0 days 00:00:29.193000,0 days 00:00:23.154000,0 days 01:20:20.149000,0 days 01:20:49.342000,0 days 01:21:12.496000,,241.0,245.0,,False,MEDIUM,17.0,True,McLaren,0 days 01:19:50.427000,2025-08-03 13:25:08.521,1,2.0,False,,False,True
87,0 days 01:22:37.151000,PIA,81,84.668,18.0,1.0,,0 days 01:22:35.491000,0 days 00:00:29.711000,0 days 00:00:29.249000,0 days 00:00:25.708000,0 days 01:21:42.207000,0 days 01:22:11.456000,0 days 01:22:37.164000,274.0,241.0,,,False,MEDIUM,18.0,True,McLaren,0 days 01:21:12.483000,2025-08-03 13:26:30.577,1,2.0,False,,False,False
88,0 days 01:24:16.065000,PIA,81,98.914,19.0,2.0,0 days 01:22:56.632000,,0 days 00:00:47.735000,0 days 00:00:28.718000,0 days 00:00:22.461000,0 days 01:23:24.899000,0 days 01:23:53.617000,0 days 01:24:16.078000,271.0,244.0,248.0,,False,HARD,2.0,False,McLaren,0 days 01:22:37.151000,2025-08-03 13:27:55.245,1,5.0,False,,False,False
89,0 days 01:25:37.145000,PIA,81,81.08,20.0,2.0,,,0 days 00:00:29.357000,0 days 00:00:28.874000,0 days 00:00:22.849000,0 days 01:24:45.435000,0 days 01:25:14.309000,0 days 01:25:37.158000,,242.0,249.0,285.0,True,HARD,3.0,False,McLaren,0 days 01:24:16.065000,2025-08-03 13:29:34.159,1,4.0,False,,False,True
90,0 days 01:26:59.294000,PIA,81,82.149,21.0,2.0,,,0 days 00:00:29.478000,0 days 00:00:29.374000,0 days 00:00:23.297000,0 days 01:26:06.636000,0 days 01:26:36.010000,0 days 01:26:59.307000,274.0,237.0,254.0,289.0,False,HARD,4.0,False,McLaren,0 days 01:25:37.145000,2025-08-03 13:30:55.239,1,4.0,False,,False,True
91,0 days 01:28:20.447000,PIA,81,81.153,22.0,2.0,,,0 days 00:00:29.188000,0 days 00:00:29.134000,0 days 00:00:22.831000,0 days 01:27:28.495000,0 days 01:27:57.629000,0 days 01:28:20.460000,268.0,242.0,247.0,301.0,False,HARD,5.0,False,McLaren,0 days 01:26:59.294000,2025-08-03 13:32:17.388,1,3.0,False,,False,True
92,0 days 01:29:41.574000,PIA,81,81.127,23.0,2.0,,,0 days 00:00:29.534000,0 days 00:00:28.772000,0 days 00:00:22.821000,0 days 01:28:49.994000,0 days 01:29:18.766000,0 days 01:29:41.587000,270.0,243.0,248.0,286.0,False,HARD,6.0,False,McLaren,0 days 01:28:20.447000,2025-08-03 13:33:38.541,1,3.0,False,,False,True
93,0 days 01:31:02.703000,PIA,81,81.129,24.0,2.0,,,0 days 00:00:29.509000,0 days 00:00:28.825000,0 days 00:00:22.795000,0 days 01:30:11.096000,0 days 01:30:39.921000,0 days 01:31:02.716000,271.0,242.0,248.0,,False,HARD,7.0,False,McLaren,0 days 01:29:41.574000,2025-08-03 13:34:59.668,1,3.0,False,,False,True
94,0 days 01:32:23.601000,PIA,81,80.898,25.0,2.0,,,0 days 00:00:29.479000,0 days 00:00:28.782000,0 days 00:00:22.637000,0 days 01:31:32.195000,0 days 01:32:00.977000,0 days 01:32:23.614000,272.0,245.0,249.0,,True,HARD,8.0,False,McLaren,0 days 01:31:02.703000,2025-08-03 13:36:20.797,1,3.0,False,,False,True
95,0 days 01:33:44.636000,PIA,81,81.035,26.0,2.0,,,0 days 00:00:29.568000,0 days 00:00:28.714000,0 days 00:00:22.753000,0 days 01:32:53.182000,0 days 01:33:21.896000,0 days 01:33:44.649000,271.0,244.0,248.0,283.0,False,HARD,9.0,False,McLaren,0 days 01:32:23.601000,2025-08-03 13:37:41.695,1,3.0,False,,False,True
96,0 days 01:35:05.592000,PIA,81,80.956,27.0,2.0,,,0 days 00:00:29.407000,0 days 00:00:28.826000,0 days 00:00:22.723000,0 days 01:34:14.056000,0 days 01:34:42.882000,0 days 01:35:05.605000,273.0,245.0,249.0,286.0,False,HARD,10.0,False,McLaren,0 days 01:33:44.636000,2025-08-03 13:39:02.730,1,3.0,False,,False,True
97,0 days 01:36:26.598000,PIA,81,81.006,28.0,2.0,,,0 days 00:00:29.430000,0 days 00:00:28.783000,0 days 00:00:22.793000,0 days 01:35:35.035000,0 days 01:36:03.818000,0 days 01:36:26.611000,271.0,246.0,248.0,287.0,False,HARD,11.0,False,McLaren,0 days 01:35:05.592000,2025-08-03 13:40:23.686,1,3.0,False,,False,True
98,0 days 01:37:48.190000,PIA,81,81.592,29.0,2.0,,,0 days 00:00:29.527000,0 days 00:00:29.209000,0 days 00:00:22.856000,0 days 01:36:56.138000,0 days 01:37:25.347000,0 days 01:37:48.203000,272.0,245.0,248.0,288.0,False,HARD,12.0,False,McLaren,0 days 01:36:26.598000,2025-08-03 13:41:44.692,1,3.0,False,,False,True
99,0 days 01:39:09.531000,PIA,81,81.341,30.0,2.0,,,0 days 00:00:29.520000,0 days 00:00:28.912000,0 days 00:00:22.909000,0 days 01:38:17.723000,0 days 01:38:46.635000,0 days 01:39:09.544000,271.0,246.0,248.0,287.0,False,HARD,13.0,False,McLaren,0 days 01:37:48.190000,2025-08-03 13:43:06.284,1,3.0,False,,False,True
100,0 days 01:40:31.046000,PIA,81,81.515,31.0,2.0,,,0 days 00:00:29.567000,0 days 00:00:29.029000,0 days 00:00:22.919000,0 days 01:39:39.111000,0 days 01:40:08.140000,0 days 01:40:31.059000,,246.0,249.0,,False,HARD,14.0,False,McLaren,0 days 01:39:09.531000,2025-08-03 13:44:27.625,1,3.0,False,,False,True
101,0 days 01:41:52.610000,PIA,81,81.564,32.0,2.0,,,0 days 00:00:29.540000,0 days 00:00:28.936000,0 days 00:00:23.088000,0 days 01:41:00.599000,0 days 01:41:29.535000,0 days 01:41:52.623000,273.0,246.0,246.0,286.0,False,HARD,15.0,False,McLaren,0 days 01:40:31.046000,2025-08-03 13:45:49.140,1,2.0,False,,False,True
102,0 days 01:43:14.160000,PIA,81,81.55,33.0,2.0,,,0 days 00:00:29.552000,0 days 00:00:29.038000,0 days 00:00:22.960000,0 days 01:42:22.175000,0 days 01:42:51.213000,0 days 01:43:14.173000,272.0,246.0,249.0,287.0,False,HARD,16.0,False,McLaren,0 days 01:41:52.610000,2025-08-03 13:47:10.704,1,2.0,False,,False,True
103,0 days 01:44:35.569000,PIA,81,81.409,34.0,2.0,,,0 days 00:00:29.564000,0 days 00:00:28.904000,0 days 00:00:22.941000,0 days 01:43:43.737000,0 days 01:44:12.641000,0 days 01:44:35.582000,,246.0,249.0,289.0,False,HARD,17.0,False,McLaren,0 days 01:43:14.160000,2025-08-03 13:48:32.254,1,2.0,False,,False,True
104,0 days 01:45:57.114000,PIA,81,81.545,35.0,2.0,,,0 days 00:00:29.414000,0 days 00:00:29.044000,0 days 00:00:23.087000,0 days 01:45:04.996000,0 days 01:45:34.040000,0 days 01:45:57.127000,,245.0,248.0,,False,HARD,18.0,False,McLaren,0 days 01:44:35.569000,2025-08-03 13:49:53.663,1,2.0,False,,False,True
105,0 days 01:47:18.580000,PIA,81,81.466,36.0,2.0,,,0 days 00:00:29.425000,0 days 00:00:29.063000,0 days 00:00:22.978000,0 days 01:46:26.552000,0 days 01:46:55.615000,0 days 01:47:18.593000,,247.0,247.0,288.0,False,HARD,19.0,False,McLaren,0 days 01:45:57.114000,2025-08-03 13:51:15.208,1,2.0,False,,False,True
106,0 days 01:48:39.744000,PIA,81,81.164,37.0,2.0,,,0 days 00:00:29.438000,0 days 00:00:28.785000,0 days 00:00:22.941000,0 days 01:47:48.031000,0 days 01:48:16.816000,0 days 01:48:39.757000,273.0,246.0,250.0,286.0,False,HARD,20.0,False,McLaren,0 days 01:47:18.580000,2025-08-03 13:52:36.674,1,2.0,False,,False,True
107,0 days 01:50:01.240000,PIA,81,81.496,38.0,2.0,,,0 days 00:00:29.472000,0 days 00:00:28.975000,0 days 00:00:23.049000,0 days 01:49:09.229000,0 days 01:49:38.204000,0 days 01:50:01.253000,272.0,247.0,250.0,288.0,False,HARD,21.0,False,McLaren,0 days 01:48:39.744000,2025-08-03 13:53:57.838,1,2.0,False,,False,True
108,0 days 01:51:22.681000,PIA,81,81.441,39.0,2.0,,,0 days 00:00:29.432000,0 days 00:00:28.982000,0 days 00:00:23.027000,0 days 01:50:30.685000,0 days 01:50:59.667000,0 days 01:51:22.694000,271.0,246.0,249.0,,False,HARD,22.0,False,McLaren,0 days 01:50:01.240000,2025-08-03 13:55:19.334,1,2.0,False,,False,True
109,0 days 01:52:44.306000,PIA,81,81.625,40.0,2.0,,,0 days 00:00:29.425000,0 days 00:00:29.064000,0 days 00:00:23.136000,0 days 01:51:52.119000,0 days 01:52:21.183000,0 days 01:52:44.319000,272.0,243.0,247.0,289.0,False,HARD,23.0,False,McLaren,0 days 01:51:22.681000,2025-08-03 13:56:40.775,1,1.0,False,,False,True
110,0 days 01:54:05.337000,PIA,81,81.031,41.0,2.0,,,0 days 00:00:29.461000,0 days 00:00:28.707000,0 days 00:00:22.863000,0 days 01:53:13.780000,0 days 01:53:42.487000,0 days 01:54:05.350000,271.0,248.0,249.0,287.0,False,HARD,24.0,False,McLaren,0 days 01:52:44.306000,2025-08-03 13:58:02.400,1,1.0,False,,False,True
111,0 days 01:55:26.312000,PIA,81,80.975,42.0,2.0,,,0 days 00:00:29.434000,0 days 00:00:28.727000,0 days 00:00:22.814000,0 days 01:54:34.784000,0 days 01:55:03.511000,0 days 01:55:26.325000,,248.0,249.0,,False,HARD,25.0,False,McLaren,0 days 01:54:05.337000,2025-08-03 13:59:23.431,1,1.0,False,,False,True
112,0 days 01:56:47.336000,PIA,81,81.024,43.0,2.0,,,0 days 00:00:29.395000,0 days 00:00:28.748000,0 days 00:00:22.881000,0 days 01:55:55.720000,0 days 01:56:24.468000,0 days 01:56:47.349000,273.0,248.0,249.0,288.0,False,HARD,26.0,False,McLaren,0 days 01:55:26.312000,2025-08-03 14:00:44.406,1,1.0,False,,False,True
113,0 days 01:58:09.546000,PIA,81,82.21,44.0,2.0,,,0 days 00:00:30.301000,0 days 00:00:29.069000,0 days 00:00:22.840000,0 days 01:57:17.650000,0 days 01:57:46.719000,0 days 01:58:09.559000,272.0,247.0,249.0,287.0,False,HARD,27.0,False,McLaren,0 days 01:56:47.336000,2025-08-03 14:02:05.430,1,1.0,False,,False,True
114,0 days 01:59:33.533000,PIA,81,83.987,45.0,2.0,,0 days 01:59:31.787000,0 days 00:00:29.522000,0 days 00:00:29.144000,0 days 00:00:25.321000,0 days 01:58:39.081000,0 days 01:59:08.225000,0 days 01:59:33.546000,,245.0,,288.0,False,HARD,28.0,False,McLaren,0 days 01:58:09.546000,2025-08-03 14:03:27.640,1,1.0,False,,False,False
115,0 days 02:01:11.431000,PIA,81,97.898,46.0,3.0,0 days 01:59:52.792000,,0 days 00:00:47.090000,0 days 00:00:28.466000,0 days 00:00:22.342000,0 days 02:00:20.636000,0 days 02:00:49.102000,0 days 02:01:11.444000,274.0,248.0,250.0,,False,HARD,1.0,True,McLaren,0 days 01:59:33.533000,2025-08-03 14:04:51.627,1,3.0,False,,False,False
116,0 days 02:02:31.097000,PIA,81,79.666,47.0,3.0,,,0 days 00:00:28.960000,0 days 00:00:28.433000,0 days 00:00:22.273000,0 days 02:01:40.404000,0 days 02:02:08.837000,0 days 02:02:31.110000,272.0,246.0,252.0,286.0,True,HARD,2.0,True,McLaren,0 days 02:01:11.431000,2025-08-03 14:06:29.525,1,3.0,False,,False,True
117,0 days 02:03:50.815000,PIA,81,79.718,48.0,3.0,,,0 days 00:00:28.988000,0 days 00:00:28.393000,0 days 00:00:22.337000,0 days 02:03:00.098000,0 days 02:03:28.491000,0 days 02:03:50.828000,274.0,250.0,250.0,290.0,False,HARD,3.0,True,McLaren,0 days 02:02:31.097000,2025-08-03 14:07:49.191,1,3.0,False,,False,True
118,0 days 02:05:10.572000,PIA,81,79.757,49.0,3.0,,,0 days 00:00:29.016000,0 days 00:00:28.287000,0 days 00:00:22.454000,0 days 02:04:19.844000,0 days 02:04:48.131000,0 days 02:05:10.585000,273.0,249.0,251.0,289.0,False,HARD,4.0,True,McLaren,0 days 02:03:50.815000,2025-08-03 14:09:08.909,1,3.0,False,,False,True
119,0 days 02:06:30.775000,PIA,81,80.203,50.0,3.0,,,0 days 00:00:29.009000,0 days 00:00:28.479000,0 days 00:00:22.715000,0 days 02:05:39.594000,0 days 02:06:08.073000,0 days 02:06:30.788000,274.0,249.0,257.0,291.0,False,HARD,5.0,True,McLaren,0 days 02:05:10.572000,2025-08-03 14:10:28.666,1,3.0,False,,False,True
120,0 days 02:07:50.275000,PIA,81,79.5,51.0,3.0,,,0 days 00:00:28.557000,0 days 00:00:28.323000,0 days 00:00:22.620000,0 days 02:06:59.345000,0 days 02:07:27.668000,0 days 02:07:50.288000,,249.0,252.0,311.0,True,HARD,6.0,True,McLaren,0 days 02:06:30.775000,2025-08-03 14:11:48.869,1,2.0,False,,False,True
121,0 days 02:09:09.776000,PIA,81,79.501,52.0,3.0,,,0 days 00:00:29.092000,0 days 00:00:28.030000,0 days 00:00:22.379000,0 days 02:08:19.380000,0 days 02:08:47.410000,0 days 02:09:09.789000,272.0,251.0,253.0,292.0,False,HARD,7.0,True,McLaren,0 days 02:07:50.275000,2025-08-03 14:13:08.369,1,2.0,False,,False,True
122,0 days 02:10:29.427000,PIA,81,79.651,53.0,3.0,,,0 days 00:00:28.955000,0 days 00:00:28.157000,0 days 00:00:22.539000,0 days 02:09:38.744000,0 days 02:10:06.901000,0 days 02:10:29.440000,275.0,250.0,257.0,289.0,False,HARD,8.0,True,McLaren,0 days 02:09:09.776000,2025-08-03 14:14:27.870,1,2.0,False,,False,True
123,0 days 02:11:49.394000,PIA,81,79.967,54.0,3.0,,,0 days 00:00:28.655000,0 days 00:00:28.371000,0 days 00:00:22.941000,0 days 02:10:58.095000,0 days 02:11:26.466000,0 days 02:11:49.407000,274.0,249.0,256.0,308.0,False,HARD,9.0,True,McLaren,0 days 02:10:29.427000,2025-08-03 14:15:47.521,1,2.0,False,,False,True
124,0 days 02:13:08.838000,PIA,81,79.444,55.0,3.0,,,0 days 00:00:28.925000,0 days 00:00:28.152000,0 days 00:00:22.367000,0 days 02:12:18.332000,0 days 02:12:46.484000,0 days 02:13:08.851000,273.0,251.0,251.0,,True,HARD,10.0,True,McLaren,0 days 02:11:49.394000,2025-08-03 14:17:07.488,1,2.0,False,,False,True
125,0 days 02:14:28.250000,PIA,81,79.412,56.0,3.0,,,0 days 00:00:29.007000,0 days 00:00:27.940000,0 days 00:00:22.465000,0 days 02:13:37.858000,0 days 02:14:05.798000,0 days 02:14:28.263000,272.0,251.0,251.0,289.0,True,HARD,11.0,True,McLaren,0 days 02:13:08.838000,2025-08-03 14:18:26.932,1,2.0,False,,False,True
126,0 days 02:15:47.688000,PIA,81,79.438,57.0,3.0,,,0 days 00:00:29.070000,0 days 00:00:28.001000,0 days 00:00:22.367000,0 days 02:14:57.333000,0 days 02:15:25.334000,0 days 02:15:47.701000,273.0,251.0,251.0,288.0,False,HARD,12.0,True,McLaren,0 days 02:14:28.250000,2025-08-03 14:19:46.344,1,2.0,False,,False,True
127,0 days 02:17:07.167000,PIA,81,79.479,58.0,3.0,,,0 days 00:00:29.193000,0 days 00:00:27.990000,0 days 00:00:22.296000,0 days 02:16:16.894000,0 days 02:16:44.884000,0 days 02:17:07.180000,274.0,252.0,251.0,286.0,False,HARD,13.0,True,McLaren,0 days 02:15:47.688000,2025-08-03 14:21:05.782,1,2.0,False,,False,True
128,0 days 02:18:26.920000,PIA,81,79.753,59.0,3.0,,,0 days 00:00:29.172000,0 days 00:00:28.187000,0 days 00:00:22.394000,0 days 02:17:36.352000,0 days 02:18:04.539000,0 days 02:18:26.933000,273.0,250.0,252.0,288.0,False,HARD,14.0,True,McLaren,0 days 02:17:07.167000,2025-08-03 14:22:25.261,1,2.0,False,,False,True
129,0 days 02:19:46.448000,PIA,81,79.528,60.0,3.0,,,0 days 00:00:29.132000,0 days 00:00:27.949000,0 days 00:00:22.447000,0 days 02:18:56.065000,0 days 02:19:24.014000,0 days 02:19:46.461000,,252.0,253.0,289.0,False,HARD,15.0,True,McLaren,0 days 02:18:26.920000,2025-08-03 14:23:45.014,1,2.0,False,,False,True
130,0 days 02:21:06.112000,PIA,81,79.664,61.0,3.0,,,0 days 00:00:28.946000,0 days 00:00:28.171000,0 days 00:00:22.547000,0 days 02:20:15.407000,0 days 02:20:43.578000,0 days 02:21:06.125000,,251.0,253.0,290.0,False,HARD,16.0,True,McLaren,0 days 02:19:46.448000,2025-08-03 14:25:04.542,1,2.0,False,,False,True
131,0 days 02:22:26.039000,PIA,81,79.927,62.0,3.0,,,0 days 00:00:29.130000,0 days 00:00:28.199000,0 days 00:00:22.598000,0 days 02:21:35.255000,0 days 02:22:03.454000,0 days 02:22:26.052000,274.0,250.0,253.0,291.0,False,HARD,17.0,True,McLaren,0 days 02:21:06.112000,2025-08-03 14:26:24.206,1,2.0,False,,False,True
132,0 days 02:23:46.234000,PIA,81,80.195,63.0,3.0,,,0 days 00:00:29.135000,0 days 00:00:28.379000,0 days 00:00:22.681000,0 days 02:22:55.187000,0 days 02:23:23.566000,0 days 02:23:46.247000,275.0,250.0,253.0,,False,HARD,18.0,True,McLaren,0 days 02:22:26.039000,2025-08-03 14:27:44.133,1,2.0,False,,False,True
133,0 days 02:25:07.165000,PIA,81,80.931,64.0,3.0,,,0 days 00:00:29.372000,0 days 00:00:28.591000,0 days 00:00:22.968000,0 days 02:24:15.619000,0 days 02:24:44.210000,0 days 02:25:07.178000,273.0,252.0,261.0,293.0,False,HARD,19.0,True,McLaren,0 days 02:23:46.234000,2025-08-03 14:29:04.328,1,2.0,False,,False,True
134,0 days 02:26:27.694000,PIA,81,80.529,65.0,3.0,,,0 days 00:00:28.851000,0 days 00:00:28.777000,0 days 00:00:22.901000,0 days 02:25:36.029000,0 days 02:26:04.806000,0 days 02:26:27.707000,276.0,249.0,259.0,315.0,False,HARD,20.0,True,McLaren,0 days 02:25:07.165000,2025-08-03 14:30:25.259,1,2.0,False,,False,True
135,0 days 02:27:48.355000,PIA,81,80.661,66.0,3.0,,,0 days 00:00:29.016000,0 days 00:00:28.745000,0 days 00:00:22.900000,0 days 02:26:56.723000,0 days 02:27:25.468000,0 days 02:27:48.368000,275.0,249.0,256.0,309.0,False,HARD,21.0,True,McLaren,0 days 02:26:27.694000,2025-08-03 14:31:45.788,1,2.0,False,,False,True
136,0 days 02:29:08.555000,PIA,81,80.2,67.0,3.0,,,0 days 00:00:28.829000,0 days 00:00:28.669000,0 days 00:00:22.702000,0 days 02:28:17.197000,0 days 02:28:45.866000,0 days 02:29:08.568000,276.0,248.0,256.0,306.0,False,HARD,22.0,True,McLaren,0 days 02:27:48.355000,2025-08-03 14:33:06.449,1,2.0,False,,False,True
137,0 days 02:30:28.777000,PIA,81,80.222,68.0,3.0,,,0 days 00:00:29.166000,0 days 00:00:28.414000,0 days 00:00:22.642000,0 days 02:29:37.734000,0 days 02:30:06.148000,0 days 02:30:28.790000,275.0,251.0,258.0,307.0,False,HARD,23.0,True,McLaren,0 days 02:29:08.555000,2025-08-03 14:34:26.649,1,2.0,False,,False,True
138,0 days 02:31:49.498000,PIA,81,80.721,69.0,3.0,,,0 days 00:00:29.339000,0 days 00:00:28.486000,0 days 00:00:22.896000,0 days 02:30:58.129000,0 days 02:31:26.615000,0 days 02:31:49.511000,274.0,250.0,257.0,308.0,False,HARD,24.0,True,McLaren,0 days 02:30:28.777000,2025-08-03 14:35:46.871,1,2.0,False,,False,True
139,0 days 02:33:10.161000,PIA,81,80.663,70.0,3.0,,,0 days 00:00:28.882000,0 days 00:00:28.854000,0 days 00:00:22.927000,0 days 02:32:18.393000,0 days 02:32:47.247000,0 days 02:33:10.174000,275.0,249.0,249.0,307.0,False,HARD,25.0,True,McLaren,0 days 02:31:49.498000,2025-08-03 14:37:07.592,1,2.0,False,,False,True
140,0 days 00:59:18.352000,NOR,4,,1.0,1.0,,,,0 days 00:00:31.396000,0 days 00:00:23.329000,,0 days 00:58:55.247000,0 days 00:59:18.549000,248.0,236.0,248.0,243.0,False,MEDIUM,1.0,True,McLaren,0 days 00:57:47.946000,2025-08-03 13:03:06.040,1,5.0,False,,False,False
141,0 days 01:00:42.316000,NOR,4,83.964,2.0,1.0,,,0 days 00:00:30.209000,0 days 00:00:30.346000,0 days 00:00:23.409000,0 days 00:59:48.568000,0 days 01:00:18.914000,0 days 01:00:42.323000,266.0,236.0,257.0,287.0,True,MEDIUM,2.0,True,McLaren,0 days 00:59:18.352000,2025-08-03 13:04:36.446,1,5.0,False,,False,True
142,0 days 01:02:05.539000,NOR,4,83.223,3.0,1.0,,,0 days 00:00:29.792000,0 days 00:00:30.097000,0 days 00:00:23.334000,0 days 01:01:12.115000,0 days 01:01:42.212000,0 days 01:02:05.546000,270.0,238.0,246.0,299.0,True,MEDIUM,3.0,True,McLaren,0 days 01:00:42.316000,2025-08-03 13:06:00.410,1,4.0,False,,False,True
143,0 days 01:03:28.416000,NOR,4,82.877,4.0,1.0,,,0 days 00:00:30.125000,0 days 00:00:29.665000,0 days 00:00:23.087000,0 days 01:02:35.671000,0 days 01:03:05.336000,0 days 01:03:28.423000,271.0,238.0,247.0,284.0,True,MEDIUM,4.0,True,McLaren,0 days 01:02:05.539000,2025-08-03 13:07:23.633,1,4.0,False,,False,True
144,0 days 01:04:51.055000,NOR,4,82.639,5.0,1.0,,,0 days 00:00:29.930000,0 days 00:00:29.672000,0 days 00:00:23.037000,0 days 01:03:58.353000,0 days 01:04:28.025000,0 days 01:04:51.062000,273.0,238.0,248.0,286.0,True,MEDIUM,5.0,True,McLaren,0 days 01:03:28.416000,2025-08-03 13:08:46.510,1,4.0,False,,False,True
145,0 days 01:06:13.236000,NOR,4,82.181,6.0,1.0,,,0 days 00:00:29.880000,0 days 00:00:29.313000,0 days 00:00:22.988000,0 days 01:05:20.942000,0 days 01:05:50.255000,0 days 01:06:13.243000,277.0,241.0,247.0,285.0,True,MEDIUM,6.0,True,McLaren,0 days 01:04:51.055000,2025-08-03 13:10:09.149,1,4.0,False,,False,True
146,0 days 01:07:35.453000,NOR,4,82.217,7.0,1.0,,,0 days 00:00:29.829000,0 days 00:00:29.373000,0 days 00:00:23.015000,0 days 01:06:43.072000,0 days 01:07:12.445000,0 days 01:07:35.460000,276.0,243.0,247.0,286.0,False,MEDIUM,7.0,True,McLaren,0 days 01:06:13.236000,2025-08-03 13:11:31.330,1,4.0,False,,False,True
147,0 days 01:08:57.439000,NOR,4,81.986,8.0,1.0,,,0 days 00:00:29.655000,0 days 00:00:29.167000,0 days 00:00:23.164000,0 days 01:08:05.115000,0 days 01:08:34.282000,0 days 01:08:57.446000,277.0,242.0,252.0,285.0,True,MEDIUM,8.0,True,McLaren,0 days 01:07:35.453000,2025-08-03 13:12:53.547,1,4.0,False,,False,True
148,0 days 01:10:19.018000,NOR,4,81.579,9.0,1.0,,,0 days 00:00:29.497000,0 days 00:00:29.131000,0 days 00:00:22.951000,0 days 01:09:26.943000,0 days 01:09:56.074000,0 days 01:10:19.025000,278.0,242.0,251.0,300.0,True,MEDIUM,9.0,True,McLaren,0 days 01:08:57.439000,2025-08-03 13:14:15.533,1,4.0,False,,False,True
149,0 days 01:11:41.107000,NOR,4,82.089,10.0,1.0,,,0 days 00:00:29.616000,0 days 00:00:29.355000,0 days 00:00:23.118000,0 days 01:10:48.641000,0 days 01:11:17.996000,0 days 01:11:41.114000,,243.0,252.0,301.0,False,MEDIUM,10.0,True,McLaren,0 days 01:10:19.018000,2025-08-03 13:15:37.112,1,4.0,False,,False,True
150,0 days 01:13:03.358000,NOR,4,82.251,11.0,1.0,,,0 days 00:00:29.586000,0 days 00:00:29.501000,0 days 00:00:23.164000,0 days 01:12:10.700000,0 days 01:12:40.201000,0 days 01:13:03.365000,275.0,241.0,252.0,303.0,False,MEDIUM,11.0,True,McLaren,0 days 01:11:41.107000,2025-08-03 13:16:59.201,1,4.0,False,,False,True
151,0 days 01:14:25.762000,NOR,4,82.404,12.0,1.0,,,0 days 00:00:29.658000,0 days 00:00:29.483000,0 days 00:00:23.263000,0 days 01:13:33.023000,0 days 01:14:02.506000,0 days 01:14:25.769000,274.0,243.0,253.0,302.0,False,MEDIUM,12.0,True,McLaren,0 days 01:13:03.358000,2025-08-03 13:18:21.452,1,4.0,False,,False,True
152,0 days 01:15:48.437000,NOR,4,82.675,13.0,1.0,,,0 days 00:00:29.671000,0 days 00:00:29.540000,0 days 00:00:23.464000,0 days 01:14:55.440000,0 days 01:15:24.980000,0 days 01:15:48.444000,271.0,240.0,247.0,303.0,False,MEDIUM,13.0,True,McLaren,0 days 01:14:25.762000,2025-08-03 13:19:43.856,1,4.0,False,,False,True
153,0 days 01:17:10.591000,NOR,4,82.154,14.0,1.0,,,0 days 00:00:29.839000,0 days 00:00:29.196000,0 days 00:00:23.119000,0 days 01:16:18.283000,0 days 01:16:47.479000,0 days 01:17:10.598000,273.0,244.0,250.0,287.0,False,MEDIUM,14.0,True,McLaren,0 days 01:15:48.437000,2025-08-03 13:21:06.531,1,4.0,False,,False,True
154,0 days 01:18:32.824000,NOR,4,82.233,15.0,1.0,,,0 days 00:00:29.636000,0 days 00:00:29.321000,0 days 00:00:23.276000,0 days 01:17:40.234000,0 days 01:18:09.555000,0 days 01:18:32.831000,,243.0,253.0,288.0,False,MEDIUM,15.0,True,McLaren,0 days 01:17:10.591000,2025-08-03 13:22:28.685,1,4.0,False,,False,True
155,0 days 01:19:54.867000,NOR,4,82.043,16.0,1.0,,,0 days 00:00:29.532000,0 days 00:00:29.360000,0 days 00:00:23.151000,0 days 01:19:02.363000,0 days 01:19:31.723000,0 days 01:19:54.874000,,243.0,252.0,303.0,False,MEDIUM,16.0,True,McLaren,0 days 01:18:32.824000,2025-08-03 13:23:50.918,1,4.0,False,,False,True
156,0 days 01:21:17.406000,NOR,4,82.539,17.0,1.0,,,0 days 00:00:29.385000,0 days 00:00:29.779000,0 days 00:00:23.375000,0 days 01:20:24.259000,0 days 01:20:54.038000,0 days 01:21:17.413000,274.0,242.0,247.0,302.0,False,MEDIUM,17.0,True,McLaren,0 days 01:19:54.867000,2025-08-03 13:25:12.961,1,4.0,False,,False,True
157,0 days 01:22:39.595000,NOR,4,82.189,18.0,1.0,,,0 days 00:00:29.682000,0 days 00:00:29.261000,0 days 00:00:23.246000,0 days 01:21:47.095000,0 days 01:22:16.356000,0 days 01:22:39.602000,273.0,243.0,252.0,288.0,False,MEDIUM,18.0,True,McLaren,0 days 01:21:17.406000,2025-08-03 13:26:35.500,1,4.0,False,,False,True
158,0 days 01:24:01.625000,NOR,4,82.03,19.0,1.0,,,0 days 00:00:29.430000,0 days 00:00:29.414000,0 days 00:00:23.186000,0 days 01:23:09.032000,0 days 01:23:38.446000,0 days 01:24:01.632000,274.0,244.0,253.0,302.0,False,MEDIUM,19.0,True,McLaren,0 days 01:22:39.595000,2025-08-03 13:27:57.689,1,2.0,False,,False,True
159,0 days 01:25:23.065000,NOR,4,81.44,20.0,1.0,,,0 days 00:00:29.348000,0 days 00:00:29.010000,0 days 00:00:23.082000,0 days 01:24:30.980000,0 days 01:24:59.990000,0 days 01:25:23.072000,268.0,244.0,247.0,298.0,True,MEDIUM,20.0,True,McLaren,0 days 01:24:01.625000,2025-08-03 13:29:19.719,1,1.0,False,,False,True
160,0 days 01:26:44.772000,NOR,4,81.707,21.0,1.0,,,0 days 00:00:29.708000,0 days 00:00:28.962000,0 days 00:00:23.037000,0 days 01:25:52.780000,0 days 01:26:21.742000,0 days 01:26:44.779000,270.0,244.0,247.0,283.0,False,MEDIUM,21.0,True,McLaren,0 days 01:25:23.065000,2025-08-03 13:30:41.159,1,1.0,False,,False,True
161,0 days 01:28:06.871000,NOR,4,82.099,22.0,1.0,,,0 days 00:00:29.686000,0 days 00:00:29.217000,0 days 00:00:23.196000,0 days 01:27:14.465000,0 days 01:27:43.682000,0 days 01:28:06.878000,271.0,243.0,246.0,,False,MEDIUM,22.0,True,McLaren,0 days 01:26:44.772000,2025-08-03 13:32:02.866,1,1.0,False,,False,True
162,0 days 01:29:28.946000,NOR,4,82.075,23.0,1.0,,,0 days 00:00:29.706000,0 days 00:00:29.209000,0 days 00:00:23.160000,0 days 01:28:36.584000,0 days 01:29:05.793000,0 days 01:29:28.953000,269.0,244.0,246.0,284.0,False,MEDIUM,23.0,True,McLaren,0 days 01:28:06.871000,2025-08-03 13:33:24.965,1,1.0,False,,False,True
163,0 days 01:30:51.063000,NOR,4,82.117,24.0,1.0,,,0 days 00:00:29.664000,0 days 00:00:29.236000,0 days 00:00:23.217000,0 days 01:29:58.617000,0 days 01:30:27.853000,0 days 01:30:51.070000,271.0,244.0,247.0,283.0,False,MEDIUM,24.0,True,McLaren,0 days 01:29:28.946000,2025-08-03 13:34:47.040,1,1.0,False,,False,True
164,0 days 01:32:12.987000,NOR,4,81.924,25.0,1.0,,,0 days 00:00:29.662000,0 days 00:00:29.197000,0 days 00:00:23.065000,0 days 01:31:20.732000,0 days 01:31:49.929000,0 days 01:32:12.994000,270.0,243.0,248.0,282.0,False,MEDIUM,25.0,True,McLaren,0 days 01:30:51.063000,2025-08-03 13:36:09.157,1,1.0,False,,False,True
165,0 days 01:33:35.132000,NOR,4,82.145,26.0,1.0,,,0 days 00:00:29.777000,0 days 00:00:29.275000,0 days 00:00:23.093000,0 days 01:32:42.771000,0 days 01:33:12.046000,0 days 01:33:35.139000,273.0,242.0,246.0,281.0,False,MEDIUM,26.0,True,McLaren,0 days 01:32:12.987000,2025-08-03 13:37:31.081,1,1.0,False,,False,True
166,0 days 01:34:57.257000,NOR,4,82.125,27.0,1.0,,,0 days 00:00:29.674000,0 days 00:00:29.277000,0 days 00:00:23.174000,0 days 01:34:04.813000,0 days 01:34:34.090000,0 days 01:34:57.264000,274.0,243.0,246.0,,False,MEDIUM,27.0,True,McLaren,0 days 01:33:35.132000,2025-08-03 13:38:53.226,1,1.0,False,,False,True
167,0 days 01:36:19.410000,NOR,4,82.153,28.0,1.0,,,0 days 00:00:29.771000,0 days 00:00:29.248000,0 days 00:00:23.134000,0 days 01:35:27.035000,0 days 01:35:56.283000,0 days 01:36:19.417000,,243.0,246.0,282.0,False,MEDIUM,28.0,True,McLaren,0 days 01:34:57.257000,2025-08-03 13:40:15.351,1,1.0,False,,False,True
168,0 days 01:37:41.943000,NOR,4,82.533,29.0,1.0,,,0 days 00:00:29.866000,0 days 00:00:29.299000,0 days 00:00:23.368000,0 days 01:36:49.283000,0 days 01:37:18.582000,0 days 01:37:41.950000,275.0,242.0,246.0,281.0,False,MEDIUM,29.0,True,McLaren,0 days 01:36:19.410000,2025-08-03 13:41:37.504,1,1.0,True,TRACK LIMITS AT TURN 7 LAP 29 ,False,True
169,0 days 01:39:04.576000,NOR,4,82.633,30.0,1.0,,,0 days 00:00:29.802000,0 days 00:00:29.532000,0 days 00:00:23.299000,0 days 01:38:11.752000,0 days 01:38:41.284000,0 days 01:39:04.583000,,242.0,246.0,,False,MEDIUM,30.0,True,McLaren,0 days 01:37:41.943000,2025-08-03 13:43:00.037,1,1.0,False,,False,True
170,0 days 01:40:30.143000,NOR,4,85.567,31.0,1.0,,0 days 01:40:28.419000,0 days 00:00:29.764000,0 days 00:00:29.603000,0 days 00:00:26.200000,0 days 01:39:34.347000,0 days 01:40:03.950000,0 days 01:40:30.150000,,242.0,,282.0,False,MEDIUM,31.0,True,McLaren,0 days 01:39:04.576000,2025-08-03 13:44:22.670,1,2.0,False,,False,False
171,0 days 01:42:10.102000,NOR,4,99.959,32.0,2.0,0 days 01:40:49.303000,,0 days 00:00:47.448000,0 days 00:00:29.537000,0 days 00:00:22.974000,0 days 01:41:17.598000,0 days 01:41:47.135000,0 days 01:42:10.109000,273.0,238.0,246.0,,False,HARD,2.0,False,McLaren,0 days 01:40:30.143000,2025-08-03 13:45:48.237,1,4.0,False,,False,False
172,0 days 01:43:31.513000,NOR,4,81.411,33.0,2.0,,,0 days 00:00:29.644000,0 days 00:00:29.079000,0 days 00:00:22.688000,0 days 01:42:39.753000,0 days 01:43:08.832000,0 days 01:43:31.520000,272.0,241.0,247.0,283.0,True,HARD,3.0,False,McLaren,0 days 01:42:10.102000,2025-08-03 13:47:28.196,1,4.0,False,,False,True
173,0 days 01:44:52.265000,NOR,4,80.752,34.0,2.0,,,0 days 00:00:29.314000,0 days 00:00:28.806000,0 days 00:00:22.632000,0 days 01:44:00.834000,0 days 01:44:29.640000,0 days 01:44:52.272000,275.0,243.0,250.0,284.0,True,HARD,4.0,False,McLaren,0 days 01:43:31.513000,2025-08-03 13:48:49.607,1,4.0,False,,False,True
174,0 days 01:46:12.991000,NOR,4,80.726,35.0,2.0,,,0 days 00:00:29.296000,0 days 00:00:28.844000,0 days 00:00:22.586000,0 days 01:45:21.568000,0 days 01:45:50.412000,0 days 01:46:12.998000,274.0,243.0,249.0,285.0,True,HARD,5.0,False,McLaren,0 days 01:44:52.265000,2025-08-03 13:50:10.359,1,4.0,False,,False,True
175,0 days 01:47:33.548000,NOR,4,80.557,36.0,2.0,,,0 days 00:00:29.266000,0 days 00:00:28.735000,0 days 00:00:22.556000,0 days 01:46:42.264000,0 days 01:47:10.999000,0 days 01:47:33.555000,,245.0,248.0,283.0,True,HARD,6.0,False,McLaren,0 days 01:46:12.991000,2025-08-03 13:51:31.085,1,4.0,False,,False,True
176,0 days 01:48:54.524000,NOR,4,80.976,37.0,2.0,,,0 days 00:00:29.350000,0 days 00:00:28.756000,0 days 00:00:22.870000,0 days 01:48:02.905000,0 days 01:48:31.661000,0 days 01:48:54.531000,276.0,244.0,250.0,282.0,False,HARD,7.0,False,McLaren,0 days 01:47:33.548000,2025-08-03 13:52:51.642,1,4.0,False,,False,True
177,0 days 01:50:14.924000,NOR,4,80.4,38.0,2.0,,,0 days 00:00:29.168000,0 days 00:00:28.638000,0 days 00:00:22.594000,0 days 01:49:23.699000,0 days 01:49:52.337000,0 days 01:50:14.931000,,245.0,250.0,284.0,True,HARD,8.0,False,McLaren,0 days 01:48:54.524000,2025-08-03 13:54:12.618,1,4.0,False,,False,True
178,0 days 01:51:35.225000,NOR,4,80.301,39.0,2.0,,,0 days 00:00:29.146000,0 days 00:00:28.599000,0 days 00:00:22.556000,0 days 01:50:44.077000,0 days 01:51:12.676000,0 days 01:51:35.232000,277.0,245.0,251.0,285.0,True,HARD,9.0,False,McLaren,0 days 01:50:14.924000,2025-08-03 13:55:33.018,1,4.0,False,,False,True
179,0 days 01:52:55.667000,NOR,4,80.442,40.0,2.0,,,0 days 00:00:29.122000,0 days 00:00:28.606000,0 days 00:00:22.714000,0 days 01:52:04.354000,0 days 01:52:32.960000,0 days 01:52:55.674000,278.0,247.0,250.0,289.0,False,HARD,10.0,False,McLaren,0 days 01:51:35.225000,2025-08-03 13:56:53.319,1,4.0,False,,False,True
180,0 days 01:54:16.214000,NOR,4,80.547,41.0,2.0,,,0 days 00:00:29.288000,0 days 00:00:28.537000,0 days 00:00:22.722000,0 days 01:53:24.962000,0 days 01:53:53.499000,0 days 01:54:16.221000,,245.0,250.0,290.0,False,HARD,11.0,False,McLaren,0 days 01:52:55.667000,2025-08-03 13:58:13.761,1,3.0,False,,False,True
181,0 days 01:55:36.685000,NOR,4,80.471,42.0,2.0,,,0 days 00:00:29.186000,0 days 00:00:28.393000,0 days 00:00:22.892000,0 days 01:54:45.407000,0 days 01:55:13.800000,0 days 01:55:36.692000,279.0,247.0,257.0,288.0,False,HARD,12.0,False,McLaren,0 days 01:54:16.214000,2025-08-03 13:59:34.308,1,3.0,False,,False,True
182,0 days 01:56:58.132000,NOR,4,81.447,43.0,2.0,,,0 days 00:00:29.391000,0 days 00:00:29.321000,0 days 00:00:22.735000,0 days 01:56:06.083000,0 days 01:56:35.404000,0 days 01:56:58.139000,281.0,249.0,256.0,307.0,False,HARD,13.0,False,McLaren,0 days 01:55:36.685000,2025-08-03 14:00:54.779,1,2.0,False,,False,True
183,0 days 01:58:18.278000,NOR,4,80.146,44.0,2.0,,,0 days 00:00:28.997000,0 days 00:00:28.579000,0 days 00:00:22.570000,0 days 01:57:27.136000,0 days 01:57:55.715000,0 days 01:58:18.285000,280.0,247.0,251.0,302.0,True,HARD,14.0,False,McLaren,0 days 01:56:58.132000,2025-08-03 14:02:16.226,1,2.0,False,,False,True
184,0 days 01:59:38.981000,NOR,4,80.703,45.0,2.0,,,0 days 00:00:29.203000,0 days 00:00:28.663000,0 days 00:00:22.837000,0 days 01:58:47.488000,0 days 01:59:16.151000,0 days 01:59:38.988000,282.0,248.0,250.0,289.0,False,HARD,15.0,False,McLaren,0 days 01:58:18.278000,2025-08-03 14:03:36.372,1,2.0,False,,False,True
185,0 days 02:00:59.358000,NOR,4,80.377,46.0,2.0,,,0 days 00:00:29.185000,0 days 00:00:28.561000,0 days 00:00:22.631000,0 days 02:00:08.173000,0 days 02:00:36.734000,0 days 02:00:59.365000,278.0,248.0,252.0,,False,HARD,16.0,False,McLaren,0 days 01:59:38.981000,2025-08-03 14:04:57.075,1,1.0,False,,False,True
186,0 days 02:02:19.716000,NOR,4,80.358,47.0,2.0,,,0 days 00:00:29.074000,0 days 00:00:28.606000,0 days 00:00:22.678000,0 days 02:01:28.439000,0 days 02:01:57.045000,0 days 02:02:19.723000,276.0,248.0,253.0,291.0,False,HARD,17.0,False,McLaren,0 days 02:00:59.358000,2025-08-03 14:06:17.452,1,1.0,False,,False,True
187,0 days 02:03:40.259000,NOR,4,80.543,48.0,2.0,,,0 days 00:00:29.051000,0 days 00:00:28.676000,0 days 00:00:22.816000,0 days 02:02:48.774000,0 days 02:03:17.450000,0 days 02:03:40.266000,277.0,248.0,251.0,292.0,False,HARD,18.0,False,McLaren,0 days 02:02:19.716000,2025-08-03 14:07:37.810,1,1.0,False,,False,True
188,0 days 02:05:00.731000,NOR,4,80.472,49.0,2.0,,,0 days 00:00:29.170000,0 days 00:00:28.629000,0 days 00:00:22.673000,0 days 02:04:09.436000,0 days 02:04:38.065000,0 days 02:05:00.738000,276.0,247.0,251.0,290.0,False,HARD,19.0,False,McLaren,0 days 02:03:40.259000,2025-08-03 14:08:58.353,1,1.0,False,,False,True
189,0 days 02:06:21.258000,NOR,4,80.527,50.0,2.0,,,0 days 00:00:29.156000,0 days 00:00:28.634000,0 days 00:00:22.737000,0 days 02:05:29.894000,0 days 02:05:58.528000,0 days 02:06:21.265000,274.0,247.0,253.0,291.0,False,HARD,20.0,False,McLaren,0 days 02:05:00.731000,2025-08-03 14:10:18.825,1,1.0,False,,False,True
190,0 days 02:07:42.037000,NOR,4,80.779,51.0,2.0,,,0 days 00:00:29.249000,0 days 00:00:28.762000,0 days 00:00:22.768000,0 days 02:06:50.514000,0 days 02:07:19.276000,0 days 02:07:42.044000,275.0,248.0,253.0,,False,HARD,21.0,False,McLaren,0 days 02:06:21.258000,2025-08-03 14:11:39.352,1,1.0,False,,False,True
191,0 days 02:09:02.945000,NOR,4,80.908,52.0,2.0,,,0 days 00:00:29.138000,0 days 00:00:28.781000,0 days 00:00:22.989000,0 days 02:08:11.182000,0 days 02:08:39.963000,0 days 02:09:02.952000,278.0,249.0,251.0,,False,HARD,22.0,False,McLaren,0 days 02:07:42.037000,2025-08-03 14:13:00.131,1,1.0,False,,False,True
192,0 days 02:10:23.142000,NOR,4,80.197,53.0,2.0,,,0 days 00:00:29.114000,0 days 00:00:28.470000,0 days 00:00:22.613000,0 days 02:09:32.066000,0 days 02:10:00.536000,0 days 02:10:23.149000,275.0,249.0,251.0,,False,HARD,23.0,False,McLaren,0 days 02:09:02.945000,2025-08-03 14:14:21.039,1,1.0,False,,False,True
193,0 days 02:11:43.299000,NOR,4,80.157,54.0,2.0,,,0 days 00:00:29.025000,0 days 00:00:28.514000,0 days 00:00:22.618000,0 days 02:10:52.174000,0 days 02:11:20.688000,0 days 02:11:43.306000,274.0,248.0,252.0,288.0,False,HARD,24.0,False,McLaren,0 days 02:10:23.142000,2025-08-03 14:15:41.236,1,1.0,False,,False,True
194,0 days 02:13:03.304000,NOR,4,80.005,55.0,2.0,,,0 days 00:00:29.097000,0 days 00:00:28.351000,0 days 00:00:22.557000,0 days 02:12:12.403000,0 days 02:12:40.754000,0 days 02:13:03.311000,,249.0,253.0,,True,HARD,25.0,False,McLaren,0 days 02:11:43.299000,2025-08-03 14:17:01.393,1,1.0,False,,False,True
195,0 days 02:14:23.457000,NOR,4,80.153,56.0,2.0,,,0 days 00:00:29.027000,0 days 00:00:28.411000,0 days 00:00:22.715000,0 days 02:13:32.338000,0 days 02:14:00.749000,0 days 02:14:23.464000,272.0,250.0,253.0,290.0,False,HARD,26.0,False,McLaren,0 days 02:13:03.304000,2025-08-03 14:18:21.398,1,1.0,False,,False,True
196,0 days 02:15:43.375000,NOR,4,79.918,57.0,2.0,,,0 days 00:00:29.058000,0 days 00:00:28.214000,0 days 00:00:22.646000,0 days 02:14:52.522000,0 days 02:15:20.736000,0 days 02:15:43.382000,274.0,250.0,252.0,288.0,True,HARD,27.0,False,McLaren,0 days 02:14:23.457000,2025-08-03 14:19:41.551,1,1.0,False,,False,True
197,0 days 02:17:03.519000,NOR,4,80.144,58.0,2.0,,,0 days 00:00:29.196000,0 days 00:00:28.375000,0 days 00:00:22.573000,0 days 02:16:12.578000,0 days 02:16:40.953000,0 days 02:17:03.526000,,250.0,252.0,287.0,False,HARD,28.0,False,McLaren,0 days 02:15:43.375000,2025-08-03 14:21:01.469,1,1.0,False,,False,True
198,0 days 02:18:23.455000,NOR,4,79.936,59.0,2.0,,,0 days 00:00:29.075000,0 days 00:00:28.293000,0 days 00:00:22.568000,0 days 02:17:32.601000,0 days 02:18:00.894000,0 days 02:18:23.462000,,250.0,252.0,288.0,False,HARD,29.0,False,McLaren,0 days 02:17:03.519000,2025-08-03 14:22:21.613,1,1.0,False,,False,True
199,0 days 02:19:43.612000,NOR,4,80.157,60.0,2.0,,,0 days 00:00:29.116000,0 days 00:00:28.446000,0 days 00:00:22.595000,0 days 02:18:52.578000,0 days 02:19:21.024000,0 days 02:19:43.619000,275.0,251.0,254.0,289.0,False,HARD,30.0,False,McLaren,0 days 02:18:23.455000,2025-08-03 14:23:41.549,1,1.0,False,,False,True
200,0 days 02:21:03.722000,NOR,4,80.11,61.0,2.0,,,0 days 00:00:28.951000,0 days 00:00:28.495000,0 days 00:00:22.664000,0 days 02:20:12.570000,0 days 02:20:41.065000,0 days 02:21:03.729000,,250.0,254.0,292.0,False,HARD,31.0,False,McLaren,0 days 02:19:43.612000,2025-08-03 14:25:01.706,1,1.0,False,,False,True
201,0 days 02:22:24.183000,NOR,4,80.461,62.0,2.0,,,0 days 00:00:29.077000,0 days 00:00:28.504000,0 days 00:00:22.880000,0 days 02:21:32.806000,0 days 02:22:01.310000,0 days 02:22:24.190000,276.0,252.0,254.0,291.0,False,HARD,32.0,False,McLaren,0 days 02:21:03.722000,2025-08-03 14:26:21.816,1,1.0,False,,False,True
202,0 days 02:23:45.003000,NOR,4,80.82,63.0,2.0,,,0 days 00:00:29.188000,0 days 00:00:28.606000,0 days 00:00:23.026000,0 days 02:22:53.378000,0 days 02:23:21.984000,0 days 02:23:45.010000,275.0,249.0,254.0,293.0,False,HARD,33.0,False,McLaren,0 days 02:22:24.183000,2025-08-03 14:27:42.277,1,1.0,False,,False,True
203,0 days 02:25:06.092000,NOR,4,81.089,64.0,2.0,,,0 days 00:00:29.293000,0 days 00:00:28.748000,0 days 00:00:23.048000,0 days 02:24:14.303000,0 days 02:24:43.051000,0 days 02:25:06.099000,277.0,251.0,253.0,,False,HARD,34.0,False,McLaren,0 days 02:23:45.003000,2025-08-03 14:29:03.097,1,1.0,False,,False,True
204,0 days 02:26:26.857000,NOR,4,80.765,65.0,2.0,,,0 days 00:00:29.127000,0 days 00:00:28.593000,0 days 00:00:23.045000,0 days 02:25:35.226000,0 days 02:26:03.819000,0 days 02:26:26.864000,276.0,249.0,254.0,,False,HARD,35.0,False,McLaren,0 days 02:25:06.092000,2025-08-03 14:30:24.186,1,1.0,False,,False,True
205,0 days 02:27:47.454000,NOR,4,80.597,66.0,2.0,,,0 days 00:00:29.251000,0 days 00:00:28.731000,0 days 00:00:22.615000,0 days 02:26:56.115000,0 days 02:27:24.846000,0 days 02:27:47.461000,,251.0,253.0,292.0,False,HARD,36.0,False,McLaren,0 days 02:26:26.857000,2025-08-03 14:31:44.951,1,1.0,False,,False,True
206,0 days 02:29:07.851000,NOR,4,80.397,67.0,2.0,,,0 days 00:00:29.148000,0 days 00:00:28.535000,0 days 00:00:22.714000,0 days 02:28:16.609000,0 days 02:28:45.144000,0 days 02:29:07.858000,273.0,251.0,252.0,289.0,False,HARD,37.0,False,McLaren,0 days 02:27:47.454000,2025-08-03 14:33:05.548,1,1.0,False,,False,True
207,0 days 02:30:28.119000,NOR,4,80.268,68.0,2.0,,,0 days 00:00:29.178000,0 days 00:00:28.400000,0 days 00:00:22.690000,0 days 02:29:37.036000,0 days 02:30:05.436000,0 days 02:30:28.126000,,249.0,252.0,288.0,False,HARD,38.0,False,McLaren,0 days 02:29:07.851000,2025-08-03 14:34:25.945,1,1.0,False,,False,True
208,0 days 02:31:48.749000,NOR,4,80.63,69.0,2.0,,,0 days 00:00:29.273000,0 days 00:00:28.583000,0 days 00:00:22.774000,0 days 02:30:57.399000,0 days 02:31:25.982000,0 days 02:31:48.756000,274.0,250.0,251.0,,False,HARD,39.0,False,McLaren,0 days 02:30:28.119000,2025-08-03 14:35:46.213,1,1.0,False,,False,True
209,0 days 02:33:09.463000,NOR,4,80.714,70.0,2.0,,,0 days 00:00:29.281000,0 days 00:00:28.603000,0 days 00:00:22.830000,0 days 02:32:18.037000,0 days 02:32:46.640000,0 days 02:33:09.470000,275.0,250.0,250.0,287.0,False,HARD,40.0,False,McLaren,0 days 02:31:48.749000,2025-08-03 14:37:06.843,1,1.0,False,,False,True
210,0 days 00:59:16.734000,RUS,63,,1.0,1.0,,,,0 days 00:00:30.379000,0 days 00:00:23.283000,,0 days 00:58:53.666000,0 days 00:59:16.871000,268.0,238.0,247.0,249.0,False,MEDIUM,1.0,True,Mercedes,0 days 00:57:47.946000,2025-08-03 13:03:06.040,1,3.0,False,,False,False
211,0 days 01:00:40.556000,RUS,63,83.822,2.0,1.0,,,0 days 00:00:30.361000,0 days 00:00:30.150000,0 days 00:00:23.311000,0 days 00:59:47.083000,0 days 01:00:17.233000,0 days 01:00:40.544000,,238.0,245.0,290.0,True,MEDIUM,2.0,True,Mercedes,0 days 00:59:16.734000,2025-08-03 13:04:34.828,1,3.0,False,,False,True
212,0 days 01:02:03.944000,RUS,63,83.388,3.0,1.0,,,0 days 00:00:29.989000,0 days 00:00:30.024000,0 days 00:00:23.375000,0 days 01:01:10.533000,0 days 01:01:40.557000,0 days 01:02:03.932000,274.0,235.0,245.0,286.0,True,MEDIUM,3.0,True,Mercedes,0 days 01:00:40.556000,2025-08-03 13:05:58.650,1,3.0,False,,False,True
213,0 days 01:03:26.904000,RUS,63,82.96,4.0,1.0,,,0 days 00:00:29.928000,0 days 00:00:29.854000,0 days 00:00:23.178000,0 days 01:02:33.860000,0 days 01:03:03.714000,0 days 01:03:26.892000,,239.0,246.0,,True,MEDIUM,4.0,True,Mercedes,0 days 01:02:03.944000,2025-08-03 13:07:22.038,1,3.0,False,,False,True
214,0 days 01:04:49.571000,RUS,63,82.667,5.0,1.0,,,0 days 00:00:29.726000,0 days 00:00:29.742000,0 days 00:00:23.199000,0 days 01:03:56.618000,0 days 01:04:26.360000,0 days 01:04:49.559000,276.0,239.0,246.0,287.0,True,MEDIUM,5.0,True,Mercedes,0 days 01:03:26.904000,2025-08-03 13:08:44.998,1,3.0,False,,False,True
215,0 days 01:06:12.085000,RUS,63,82.514,6.0,1.0,,,0 days 00:00:29.758000,0 days 00:00:29.654000,0 days 00:00:23.102000,0 days 01:05:19.317000,0 days 01:05:48.971000,0 days 01:06:12.073000,277.0,240.0,249.0,,True,MEDIUM,6.0,True,Mercedes,0 days 01:04:49.571000,2025-08-03 13:10:07.665,1,3.0,False,,False,True
216,0 days 01:07:34.330000,RUS,63,82.245,7.0,1.0,,,0 days 00:00:29.663000,0 days 00:00:29.603000,0 days 00:00:22.979000,0 days 01:06:41.736000,0 days 01:07:11.339000,0 days 01:07:34.318000,274.0,242.0,248.0,291.0,True,MEDIUM,7.0,True,Mercedes,0 days 01:06:12.085000,2025-08-03 13:11:30.179,1,3.0,False,,False,True
217,0 days 01:08:56.391000,RUS,63,82.061,8.0,1.0,,,0 days 00:00:29.625000,0 days 00:00:29.433000,0 days 00:00:23.003000,0 days 01:08:03.943000,0 days 01:08:33.376000,0 days 01:08:56.379000,276.0,243.0,248.0,287.0,True,MEDIUM,8.0,True,Mercedes,0 days 01:07:34.330000,2025-08-03 13:12:52.424,1,3.0,False,,False,True
218,0 days 01:10:18.322000,RUS,63,81.931,9.0,1.0,,,0 days 00:00:29.645000,0 days 00:00:29.329000,0 days 00:00:22.957000,0 days 01:09:26.024000,0 days 01:09:55.353000,0 days 01:10:18.310000,,243.0,248.0,290.0,True,MEDIUM,9.0,True,Mercedes,0 days 01:08:56.391000,2025-08-03 13:14:14.485,1,3.0,False,,False,True
219,0 days 01:11:40.490000,RUS,63,82.168,10.0,1.0,,,0 days 00:00:29.779000,0 days 00:00:29.394000,0 days 00:00:22.995000,0 days 01:10:48.089000,0 days 01:11:17.483000,0 days 01:11:40.478000,,241.0,248.0,289.0,False,MEDIUM,10.0,True,Mercedes,0 days 01:10:18.322000,2025-08-03 13:15:36.416,1,3.0,False,,False,True
220,0 days 01:13:02.676000,RUS,63,82.186,11.0,1.0,,,0 days 00:00:29.646000,0 days 00:00:29.562000,0 days 00:00:22.978000,0 days 01:12:10.124000,0 days 01:12:39.686000,0 days 01:13:02.664000,275.0,241.0,247.0,288.0,False,MEDIUM,11.0,True,Mercedes,0 days 01:11:40.490000,2025-08-03 13:16:58.584,1,3.0,False,,False,True
221,0 days 01:14:24.798000,RUS,63,82.122,12.0,1.0,,,0 days 00:00:29.748000,0 days 00:00:29.340000,0 days 00:00:23.034000,0 days 01:13:32.412000,0 days 01:14:01.752000,0 days 01:14:24.786000,274.0,242.0,249.0,289.0,False,MEDIUM,12.0,True,Mercedes,0 days 01:13:02.676000,2025-08-03 13:18:20.770,1,3.0,False,,False,True
222,0 days 01:15:47.113000,RUS,63,82.315,13.0,1.0,,,0 days 00:00:29.611000,0 days 00:00:29.528000,0 days 00:00:23.176000,0 days 01:14:54.397000,0 days 01:15:23.925000,0 days 01:15:47.101000,275.0,240.0,247.0,,False,MEDIUM,13.0,True,Mercedes,0 days 01:14:24.798000,2025-08-03 13:19:42.892,1,3.0,False,,False,True
223,0 days 01:17:09.454000,RUS,63,82.341,14.0,1.0,,,0 days 00:00:29.730000,0 days 00:00:29.410000,0 days 00:00:23.201000,0 days 01:16:16.831000,0 days 01:16:46.241000,0 days 01:17:09.442000,276.0,242.0,248.0,,False,MEDIUM,14.0,True,Mercedes,0 days 01:15:47.113000,2025-08-03 13:21:05.207,1,3.0,False,,False,True
224,0 days 01:18:31.857000,RUS,63,82.403,15.0,1.0,,,0 days 00:00:29.737000,0 days 00:00:29.559000,0 days 00:00:23.107000,0 days 01:17:39.179000,0 days 01:18:08.738000,0 days 01:18:31.845000,277.0,243.0,248.0,288.0,False,MEDIUM,15.0,True,Mercedes,0 days 01:17:09.454000,2025-08-03 13:22:27.548,1,3.0,False,,False,True
225,0 days 01:19:53.949000,RUS,63,82.092,16.0,1.0,,,0 days 00:00:29.632000,0 days 00:00:29.378000,0 days 00:00:23.082000,0 days 01:19:01.477000,0 days 01:19:30.855000,0 days 01:19:53.937000,276.0,243.0,249.0,,False,MEDIUM,16.0,True,Mercedes,0 days 01:18:31.857000,2025-08-03 13:23:49.951,1,3.0,False,,False,True
226,0 days 01:21:16.232000,RUS,63,82.283,17.0,1.0,,,0 days 00:00:29.640000,0 days 00:00:29.441000,0 days 00:00:23.202000,0 days 01:20:23.577000,0 days 01:20:53.018000,0 days 01:21:16.220000,,244.0,247.0,289.0,False,MEDIUM,17.0,True,Mercedes,0 days 01:19:53.949000,2025-08-03 13:25:12.043,1,3.0,False,,False,True
227,0 days 01:22:38.575000,RUS,63,82.343,18.0,1.0,,,0 days 00:00:29.633000,0 days 00:00:29.453000,0 days 00:00:23.257000,0 days 01:21:45.853000,0 days 01:22:15.306000,0 days 01:22:38.563000,,242.0,247.0,,False,MEDIUM,18.0,True,Mercedes,0 days 01:21:16.232000,2025-08-03 13:26:34.326,1,3.0,False,,False,True
228,0 days 01:24:03.301000,RUS,63,84.726,19.0,1.0,,0 days 01:24:01.661000,0 days 00:00:29.698000,0 days 00:00:29.414000,0 days 00:00:25.614000,0 days 01:23:08.261000,0 days 01:23:37.675000,0 days 01:24:03.289000,,243.0,,287.0,False,MEDIUM,19.0,True,Mercedes,0 days 01:22:38.575000,2025-08-03 13:27:56.669,1,3.0,False,,False,False
229,0 days 01:25:43.141000,RUS,63,99.84,20.0,2.0,0 days 01:24:23.262000,,0 days 00:00:47.872000,0 days 00:00:28.907000,0 days 00:00:23.061000,0 days 01:24:51.161000,0 days 01:25:20.068000,0 days 01:25:43.129000,279.0,242.0,253.0,,False,HARD,1.0,True,Mercedes,0 days 01:24:03.301000,2025-08-03 13:29:21.395,1,6.0,False,,False,False
230,0 days 01:27:03.991000,RUS,63,80.85,21.0,2.0,,,0 days 00:00:29.184000,0 days 00:00:28.818000,0 days 00:00:22.848000,0 days 01:26:12.313000,0 days 01:26:41.131000,0 days 01:27:03.979000,275.0,244.0,248.0,309.0,True,HARD,2.0,True,Mercedes,0 days 01:25:43.141000,2025-08-03 13:31:01.235,1,5.0,False,,False,True
231,0 days 01:28:25.234000,RUS,63,81.243,22.0,2.0,,,0 days 00:00:29.323000,0 days 00:00:29.031000,0 days 00:00:22.889000,0 days 01:27:33.302000,0 days 01:28:02.333000,0 days 01:28:25.222000,276.0,242.0,249.0,288.0,False,HARD,3.0,True,Mercedes,0 days 01:27:03.991000,2025-08-03 13:32:22.085,1,5.0,False,,False,True
232,0 days 01:29:46.770000,RUS,63,81.536,23.0,2.0,,,0 days 00:00:29.330000,0 days 00:00:29.219000,0 days 00:00:22.987000,0 days 01:28:54.552000,0 days 01:29:23.771000,0 days 01:29:46.758000,279.0,245.0,250.0,290.0,False,HARD,4.0,True,Mercedes,0 days 01:28:25.234000,2025-08-03 13:33:43.328,1,5.0,False,,False,True
233,0 days 01:31:08.217000,RUS,63,81.447,24.0,2.0,,,0 days 00:00:29.361000,0 days 00:00:29.050000,0 days 00:00:23.036000,0 days 01:30:16.119000,0 days 01:30:45.169000,0 days 01:31:08.205000,282.0,244.0,255.0,291.0,False,HARD,5.0,True,Mercedes,0 days 01:29:46.770000,2025-08-03 13:35:04.864,1,5.0,False,,False,True
234,0 days 01:32:30.668000,RUS,63,82.451,25.0,2.0,,,0 days 00:00:29.606000,0 days 00:00:29.640000,0 days 00:00:23.205000,0 days 01:31:37.811000,0 days 01:32:07.451000,0 days 01:32:30.656000,273.0,243.0,254.0,307.0,False,HARD,6.0,True,Mercedes,0 days 01:31:08.217000,2025-08-03 13:36:26.311,1,5.0,False,,False,True
235,0 days 01:33:52.052000,RUS,63,81.384,26.0,2.0,,,0 days 00:00:29.356000,0 days 00:00:29.165000,0 days 00:00:22.863000,0 days 01:33:00.012000,0 days 01:33:29.177000,0 days 01:33:52.040000,272.0,241.0,249.0,306.0,False,HARD,7.0,True,Mercedes,0 days 01:32:30.668000,2025-08-03 13:37:48.762,1,4.0,False,,False,True
236,0 days 01:35:13.546000,RUS,63,81.494,27.0,2.0,,,0 days 00:00:29.549000,0 days 00:00:29.040000,0 days 00:00:22.905000,0 days 01:34:21.589000,0 days 01:34:50.629000,0 days 01:35:13.534000,,244.0,250.0,286.0,False,HARD,8.0,True,Mercedes,0 days 01:33:52.052000,2025-08-03 13:39:10.146,1,4.0,False,,False,True
237,0 days 01:36:34.840000,RUS,63,81.294,28.0,2.0,,,0 days 00:00:29.440000,0 days 00:00:29,0 days 00:00:22.854000,0 days 01:35:42.974000,0 days 01:36:11.974000,0 days 01:36:34.828000,278.0,244.0,249.0,287.0,False,HARD,9.0,True,Mercedes,0 days 01:35:13.546000,2025-08-03 13:40:31.640,1,4.0,False,,False,True
238,0 days 01:37:56.520000,RUS,63,81.68,29.0,2.0,,,0 days 00:00:29.483000,0 days 00:00:29.132000,0 days 00:00:23.065000,0 days 01:37:04.311000,0 days 01:37:33.443000,0 days 01:37:56.508000,279.0,243.0,250.0,286.0,False,HARD,10.0,True,Mercedes,0 days 01:36:34.840000,2025-08-03 13:41:52.934,1,4.0,True,TRACK LIMITS AT TURN 7 LAP 29 ,False,True
239,0 days 01:39:17.985000,RUS,63,81.465,30.0,2.0,,,0 days 00:00:29.420000,0 days 00:00:29.022000,0 days 00:00:23.023000,0 days 01:38:25.928000,0 days 01:38:54.950000,0 days 01:39:17.973000,,246.0,249.0,,False,HARD,11.0,True,Mercedes,0 days 01:37:56.520000,2025-08-03 13:43:14.614,1,4.0,False,,False,True
240,0 days 01:40:39.639000,RUS,63,81.654,31.0,2.0,,,0 days 00:00:29.443000,0 days 00:00:29.065000,0 days 00:00:23.146000,0 days 01:39:47.416000,0 days 01:40:16.481000,0 days 01:40:39.627000,278.0,246.0,248.0,287.0,False,HARD,12.0,True,Mercedes,0 days 01:39:17.985000,2025-08-03 13:44:36.079,1,4.0,False,,False,True
241,0 days 01:42:01.060000,RUS,63,81.421,32.0,2.0,,,0 days 00:00:29.468000,0 days 00:00:29.018000,0 days 00:00:22.935000,0 days 01:41:09.095000,0 days 01:41:38.113000,0 days 01:42:01.048000,279.0,246.0,249.0,,False,HARD,13.0,True,Mercedes,0 days 01:40:39.639000,2025-08-03 13:45:57.733,1,3.0,False,,False,True
242,0 days 01:43:22.496000,RUS,63,81.436,33.0,2.0,,,0 days 00:00:29.371000,0 days 00:00:28.929000,0 days 00:00:23.136000,0 days 01:42:30.419000,0 days 01:42:59.348000,0 days 01:43:22.484000,,246.0,248.0,288.0,False,HARD,14.0,True,Mercedes,0 days 01:42:01.060000,2025-08-03 13:47:19.154,1,3.0,False,,False,True
243,0 days 01:44:43.846000,RUS,63,81.35,34.0,2.0,,,0 days 00:00:29.313000,0 days 00:00:28.885000,0 days 00:00:23.152000,0 days 01:43:51.797000,0 days 01:44:20.682000,0 days 01:44:43.834000,280.0,246.0,250.0,289.0,False,HARD,15.0,True,Mercedes,0 days 01:43:22.496000,2025-08-03 13:48:40.590,1,3.0,False,,False,True
244,0 days 01:46:05.222000,RUS,63,81.376,35.0,2.0,,,0 days 00:00:29.249000,0 days 00:00:28.980000,0 days 00:00:23.147000,0 days 01:45:13.083000,0 days 01:45:42.063000,0 days 01:46:05.210000,279.0,246.0,249.0,,False,HARD,16.0,True,Mercedes,0 days 01:44:43.846000,2025-08-03 13:50:01.940,1,3.0,False,,False,True
245,0 days 01:47:26.335000,RUS,63,81.113,36.0,2.0,,,0 days 00:00:29.349000,0 days 00:00:28.791000,0 days 00:00:22.973000,0 days 01:46:34.559000,0 days 01:47:03.350000,0 days 01:47:26.323000,280.0,247.0,248.0,288.0,False,HARD,17.0,True,Mercedes,0 days 01:46:05.222000,2025-08-03 13:51:23.316,1,3.0,False,,False,True
246,0 days 01:48:47.780000,RUS,63,81.445,37.0,2.0,,,0 days 00:00:29.339000,0 days 00:00:28.976000,0 days 00:00:23.130000,0 days 01:47:55.662000,0 days 01:48:24.638000,0 days 01:48:47.768000,282.0,246.0,250.0,287.0,False,HARD,18.0,True,Mercedes,0 days 01:47:26.335000,2025-08-03 13:52:44.429,1,3.0,False,,False,True
247,0 days 01:50:09.198000,RUS,63,81.418,38.0,2.0,,,0 days 00:00:29.408000,0 days 00:00:28.958000,0 days 00:00:23.052000,0 days 01:49:17.176000,0 days 01:49:46.134000,0 days 01:50:09.186000,279.0,247.0,249.0,290.0,False,HARD,19.0,True,Mercedes,0 days 01:48:47.780000,2025-08-03 13:54:05.874,1,3.0,False,,False,True
248,0 days 01:51:31.262000,RUS,63,82.064,39.0,2.0,,,0 days 00:00:29.500000,0 days 00:00:29.380000,0 days 00:00:23.184000,0 days 01:50:38.686000,0 days 01:51:08.066000,0 days 01:51:31.250000,282.0,243.0,250.0,289.0,False,HARD,20.0,True,Mercedes,0 days 01:50:09.198000,2025-08-03 13:55:27.292,1,3.0,False,,False,True
249,0 days 01:52:52.964000,RUS,63,81.702,40.0,2.0,,,0 days 00:00:29.321000,0 days 00:00:29.109000,0 days 00:00:23.272000,0 days 01:52:00.571000,0 days 01:52:29.680000,0 days 01:52:52.952000,,247.0,250.0,292.0,False,HARD,21.0,True,Mercedes,0 days 01:51:31.262000,2025-08-03 13:56:49.356,1,3.0,False,,False,True
250,0 days 01:54:14.623000,RUS,63,81.659,41.0,2.0,,,0 days 00:00:29.381000,0 days 00:00:29.104000,0 days 00:00:23.174000,0 days 01:53:22.333000,0 days 01:53:51.437000,0 days 01:54:14.611000,281.0,245.0,250.0,,False,HARD,22.0,True,Mercedes,0 days 01:52:52.964000,2025-08-03 13:58:11.058,1,2.0,False,,False,True
251,0 days 01:55:36.049000,RUS,63,81.426,42.0,2.0,,,0 days 00:00:29.313000,0 days 00:00:29.020000,0 days 00:00:23.093000,0 days 01:54:43.924000,0 days 01:55:12.944000,0 days 01:55:36.037000,282.0,248.0,251.0,,False,HARD,23.0,True,Mercedes,0 days 01:54:14.623000,2025-08-03 13:59:32.717,1,2.0,False,,False,True
252,0 days 01:57:00.333000,RUS,63,84.284,43.0,2.0,,0 days 01:56:58.551000,0 days 00:00:29.480000,0 days 00:00:29.289000,0 days 00:00:25.515000,0 days 01:56:05.517000,0 days 01:56:34.806000,0 days 01:57:00.321000,276.0,247.0,,293.0,False,HARD,24.0,True,Mercedes,0 days 01:55:36.049000,2025-08-03 14:00:54.143,1,3.0,False,,False,False
253,0 days 01:58:38.804000,RUS,63,98.471,44.0,3.0,0 days 01:57:20.131000,,0 days 00:00:47.699000,0 days 00:00:28.529000,0 days 00:00:22.243000,0 days 01:57:48.020000,0 days 01:58:16.549000,0 days 01:58:38.792000,278.0,247.0,252.0,,False,HARD,1.0,True,Mercedes,0 days 01:57:00.333000,2025-08-03 14:02:18.427,1,4.0,False,,False,False
254,0 days 01:59:58.213000,RUS,63,79.409,45.0,3.0,,,0 days 00:00:28.968000,0 days 00:00:28.136000,0 days 00:00:22.305000,0 days 01:59:07.760000,0 days 01:59:35.896000,0 days 01:59:58.201000,,249.0,251.0,287.0,True,HARD,2.0,True,Mercedes,0 days 01:58:38.804000,2025-08-03 14:03:56.898,1,4.0,False,,False,True
255,0 days 02:01:17.824000,RUS,63,79.611,46.0,3.0,,,0 days 00:00:28.936000,0 days 00:00:28.172000,0 days 00:00:22.503000,0 days 02:00:27.137000,0 days 02:00:55.309000,0 days 02:01:17.812000,279.0,250.0,251.0,,False,HARD,3.0,True,Mercedes,0 days 01:59:58.213000,2025-08-03 14:05:16.307,1,4.0,False,,False,True
256,0 days 02:02:37.455000,RUS,63,79.631,47.0,3.0,,,0 days 00:00:28.876000,0 days 00:00:28.287000,0 days 00:00:22.468000,0 days 02:01:46.688000,0 days 02:02:14.975000,0 days 02:02:37.443000,281.0,250.0,252.0,289.0,False,HARD,4.0,True,Mercedes,0 days 02:01:17.824000,2025-08-03 14:06:35.918,1,4.0,False,,False,True
257,0 days 02:03:57.329000,RUS,63,79.874,48.0,3.0,,,0 days 00:00:28.970000,0 days 00:00:28.321000,0 days 00:00:22.583000,0 days 02:03:06.413000,0 days 02:03:34.734000,0 days 02:03:57.317000,,249.0,251.0,290.0,False,HARD,5.0,True,Mercedes,0 days 02:02:37.455000,2025-08-03 14:07:55.549,1,4.0,False,,False,True
258,0 days 02:05:17.468000,RUS,63,80.139,49.0,3.0,,,0 days 00:00:29.072000,0 days 00:00:28.459000,0 days 00:00:22.608000,0 days 02:04:26.389000,0 days 02:04:54.848000,0 days 02:05:17.456000,,250.0,252.0,291.0,False,HARD,6.0,True,Mercedes,0 days 02:03:57.329000,2025-08-03 14:09:15.423,1,4.0,False,,False,True
259,0 days 02:06:37.725000,RUS,63,80.257,50.0,3.0,,,0 days 00:00:29.006000,0 days 00:00:28.462000,0 days 00:00:22.789000,0 days 02:05:46.462000,0 days 02:06:14.924000,0 days 02:06:37.713000,283.0,250.0,251.0,293.0,False,HARD,7.0,True,Mercedes,0 days 02:05:17.468000,2025-08-03 14:10:35.562,1,4.0,False,,False,True
260,0 days 02:07:57.978000,RUS,63,80.253,51.0,3.0,,,0 days 00:00:29.060000,0 days 00:00:28.541000,0 days 00:00:22.652000,0 days 02:07:06.773000,0 days 02:07:35.314000,0 days 02:07:57.966000,282.0,250.0,252.0,295.0,False,HARD,8.0,True,Mercedes,0 days 02:06:37.725000,2025-08-03 14:11:55.819,1,4.0,False,,False,True
261,0 days 02:09:18.215000,RUS,63,80.237,52.0,3.0,,,0 days 00:00:28.977000,0 days 00:00:28.559000,0 days 00:00:22.701000,0 days 02:08:26.943000,0 days 02:08:55.502000,0 days 02:09:18.203000,,249.0,254.0,291.0,False,HARD,9.0,True,Mercedes,0 days 02:07:57.978000,2025-08-03 14:13:16.072,1,4.0,False,,False,True
262,0 days 02:10:38.402000,RUS,63,80.187,53.0,3.0,,,0 days 00:00:29.088000,0 days 00:00:28.400000,0 days 00:00:22.699000,0 days 02:09:47.291000,0 days 02:10:15.691000,0 days 02:10:38.390000,284.0,250.0,252.0,294.0,False,HARD,10.0,True,Mercedes,0 days 02:09:18.215000,2025-08-03 14:14:36.309,1,4.0,False,,False,True
263,0 days 02:11:58.602000,RUS,63,80.2,54.0,3.0,,,0 days 00:00:29.067000,0 days 00:00:28.483000,0 days 00:00:22.650000,0 days 02:11:07.457000,0 days 02:11:35.940000,0 days 02:11:58.590000,281.0,250.0,252.0,291.0,False,HARD,11.0,True,Mercedes,0 days 02:10:38.402000,2025-08-03 14:15:56.496,1,4.0,False,,False,True
264,0 days 02:13:18.861000,RUS,63,80.259,55.0,3.0,,,0 days 00:00:28.982000,0 days 00:00:28.554000,0 days 00:00:22.723000,0 days 02:12:27.572000,0 days 02:12:56.126000,0 days 02:13:18.849000,,251.0,252.0,292.0,False,HARD,12.0,True,Mercedes,0 days 02:11:58.602000,2025-08-03 14:17:16.696,1,4.0,False,,False,True
265,0 days 02:14:39.501000,RUS,63,80.64,56.0,3.0,,,0 days 00:00:29.011000,0 days 00:00:28.755000,0 days 00:00:22.874000,0 days 02:13:47.860000,0 days 02:14:16.615000,0 days 02:14:39.489000,283.0,252.0,253.0,294.0,False,HARD,13.0,True,Mercedes,0 days 02:13:18.861000,2025-08-03 14:18:36.955,1,4.0,False,,False,True
266,0 days 02:16:00.727000,RUS,63,81.226,57.0,3.0,,,0 days 00:00:29.217000,0 days 00:00:28.867000,0 days 00:00:23.142000,0 days 02:15:08.706000,0 days 02:15:37.573000,0 days 02:16:00.715000,285.0,250.0,255.0,295.0,False,HARD,14.0,True,Mercedes,0 days 02:14:39.501000,2025-08-03 14:19:57.595,1,4.0,False,,False,True
267,0 days 02:17:21.738000,RUS,63,81.011,58.0,3.0,,,0 days 00:00:28.877000,0 days 00:00:29.042000,0 days 00:00:23.092000,0 days 02:16:29.592000,0 days 02:16:58.634000,0 days 02:17:21.726000,286.0,249.0,256.0,308.0,False,HARD,15.0,True,Mercedes,0 days 02:16:00.727000,2025-08-03 14:21:18.821,1,4.0,False,,False,True
268,0 days 02:18:43.229000,RUS,63,81.491,59.0,3.0,,,0 days 00:00:29.169000,0 days 00:00:29.172000,0 days 00:00:23.150000,0 days 02:17:50.895000,0 days 02:18:20.067000,0 days 02:18:43.217000,278.0,250.0,255.0,311.0,False,HARD,16.0,True,Mercedes,0 days 02:17:21.738000,2025-08-03 14:22:39.832,1,4.0,False,,False,True
269,0 days 02:20:04.796000,RUS,63,81.567,60.0,3.0,,,0 days 00:00:29.096000,0 days 00:00:29.329000,0 days 00:00:23.142000,0 days 02:19:12.313000,0 days 02:19:41.642000,0 days 02:20:04.784000,279.0,251.0,257.0,310.0,False,HARD,17.0,True,Mercedes,0 days 02:18:43.229000,2025-08-03 14:24:01.323,1,4.0,False,,False,True
270,0 days 02:21:26.355000,RUS,63,81.559,61.0,3.0,,,0 days 00:00:29.497000,0 days 00:00:29.004000,0 days 00:00:23.058000,0 days 02:20:34.281000,0 days 02:21:03.285000,0 days 02:21:26.343000,285.0,248.0,258.0,311.0,False,HARD,18.0,True,Mercedes,0 days 02:20:04.796000,2025-08-03 14:25:22.890,1,4.0,False,,False,True
271,0 days 02:22:47.660000,RUS,63,81.305,62.0,3.0,,,0 days 00:00:29.649000,0 days 00:00:28.773000,0 days 00:00:22.883000,0 days 02:21:55.992000,0 days 02:22:24.765000,0 days 02:22:47.648000,283.0,248.0,256.0,312.0,False,HARD,19.0,True,Mercedes,0 days 02:21:26.355000,2025-08-03 14:26:44.449,1,3.0,False,,False,True
272,0 days 02:24:07.793000,RUS,63,80.133,63.0,3.0,,,0 days 00:00:28.834000,0 days 00:00:28.643000,0 days 00:00:22.656000,0 days 02:23:16.482000,0 days 02:23:45.125000,0 days 02:24:07.781000,280.0,250.0,252.0,303.0,False,HARD,20.0,True,Mercedes,0 days 02:22:47.660000,2025-08-03 14:28:05.754,1,3.0,False,,False,True
273,0 days 02:25:28.158000,RUS,63,80.365,64.0,3.0,,,0 days 00:00:29.223000,0 days 00:00:28.557000,0 days 00:00:22.585000,0 days 02:24:37.004000,0 days 02:25:05.561000,0 days 02:25:28.146000,,251.0,253.0,289.0,False,HARD,21.0,True,Mercedes,0 days 02:24:07.793000,2025-08-03 14:29:25.887,1,3.0,False,,False,True
274,0 days 02:26:48.556000,RUS,63,80.398,65.0,3.0,,,0 days 00:00:29.164000,0 days 00:00:28.594000,0 days 00:00:22.640000,0 days 02:25:57.310000,0 days 02:26:25.904000,0 days 02:26:48.544000,,250.0,250.0,290.0,False,HARD,22.0,True,Mercedes,0 days 02:25:28.158000,2025-08-03 14:30:46.252,1,3.0,False,,False,True
275,0 days 02:28:09.003000,RUS,63,80.447,66.0,3.0,,,0 days 00:00:29.181000,0 days 00:00:28.560000,0 days 00:00:22.706000,0 days 02:27:17.725000,0 days 02:27:46.285000,0 days 02:28:08.991000,279.0,251.0,252.0,288.0,False,HARD,23.0,True,Mercedes,0 days 02:26:48.556000,2025-08-03 14:32:06.650,1,3.0,False,,False,True
276,0 days 02:29:29.604000,RUS,63,80.601,67.0,3.0,,,0 days 00:00:29.258000,0 days 00:00:28.567000,0 days 00:00:22.776000,0 days 02:28:38.249000,0 days 02:29:06.816000,0 days 02:29:29.592000,281.0,251.0,252.0,,False,HARD,24.0,True,Mercedes,0 days 02:28:09.003000,2025-08-03 14:33:27.097,1,3.0,False,,False,True
277,0 days 02:30:49.856000,RUS,63,80.252,68.0,3.0,,,0 days 00:00:29.108000,0 days 00:00:28.487000,0 days 00:00:22.657000,0 days 02:29:58.700000,0 days 02:30:27.187000,0 days 02:30:49.844000,,252.0,252.0,289.0,False,HARD,25.0,True,Mercedes,0 days 02:29:29.604000,2025-08-03 14:34:47.698,1,3.0,False,,False,True
278,0 days 02:32:10.407000,RUS,63,80.551,69.0,3.0,,,0 days 00:00:29.095000,0 days 00:00:28.684000,0 days 00:00:22.772000,0 days 02:31:18.939000,0 days 02:31:47.623000,0 days 02:32:10.395000,282.0,250.0,251.0,290.0,False,HARD,26.0,True,Mercedes,0 days 02:30:49.856000,2025-08-03 14:36:07.950,1,3.0,False,,False,True
279,0 days 02:33:31.379000,RUS,63,80.972,70.0,3.0,,,0 days 00:00:29.175000,0 days 00:00:28.806000,0 days 00:00:22.991000,0 days 02:32:39.570000,0 days 02:33:08.376000,0 days 02:33:31.367000,281.0,249.0,252.0,292.0,False,HARD,27.0,True,Mercedes,0 days 02:32:10.407000,2025-08-03 14:37:28.501,1,3.0,False,,False,True
490,0 days 00:59:20.600000,VER,1,,1.0,1.0,,,,0 days 00:00:32.379000,0 days 00:00:23.649000,,0 days 00:58:57.029000,0 days 00:59:20.710000,260.0,229.0,243.0,252.0,False,MEDIUM,1.0,True,Red Bull Racing,0 days 00:57:47.946000,2025-08-03 13:03:06.040,1,9.0,False,,False,False
491,0 days 01:00:44.471000,VER,1,83.871,2.0,1.0,,,0 days 00:00:30.079000,0 days 00:00:30.523000,0 days 00:00:23.269000,0 days 00:59:50.679000,0 days 01:00:21.202000,0 days 01:00:44.471000,281.0,237.0,249.0,287.0,True,MEDIUM,2.0,True,Red Bull Racing,0 days 00:59:20.600000,2025-08-03 13:04:38.694,1,8.0,False,,False,True
492,0 days 01:02:08.281000,VER,1,83.81,3.0,1.0,,,0 days 00:00:29.663000,0 days 00:00:30.650000,0 days 00:00:23.497000,0 days 01:01:14.134000,0 days 01:01:44.784000,0 days 01:02:08.281000,278.0,238.0,248.0,304.0,True,MEDIUM,3.0,True,Red Bull Racing,0 days 01:00:44.471000,2025-08-03 13:06:02.565,1,7.0,False,,False,True
493,0 days 01:03:32.134000,VER,1,83.853,4.0,1.0,,,0 days 00:00:29.601000,0 days 00:00:30.795000,0 days 00:00:23.457000,0 days 01:02:37.882000,0 days 01:03:08.677000,0 days 01:03:32.134000,277.0,238.0,250.0,300.0,False,MEDIUM,4.0,True,Red Bull Racing,0 days 01:02:08.281000,2025-08-03 13:07:26.375,1,7.0,False,,False,True
494,0 days 01:04:55.947000,VER,1,83.813,5.0,1.0,,,0 days 00:00:29.425000,0 days 00:00:30.834000,0 days 00:00:23.554000,0 days 01:04:01.559000,0 days 01:04:32.393000,0 days 01:04:55.947000,279.0,237.0,249.0,302.0,False,MEDIUM,5.0,True,Red Bull Racing,0 days 01:03:32.134000,2025-08-03 13:08:50.228,1,7.0,False,,False,True
495,0 days 01:06:19.343000,VER,1,83.396,6.0,1.0,,,0 days 00:00:29.430000,0 days 00:00:30.591000,0 days 00:00:23.375000,0 days 01:05:25.377000,0 days 01:05:55.968000,0 days 01:06:19.343000,280.0,239.0,250.0,,True,MEDIUM,6.0,True,Red Bull Racing,0 days 01:04:55.947000,2025-08-03 13:10:14.041,1,7.0,False,,False,True
496,0 days 01:07:42.618000,VER,1,83.275,7.0,1.0,,,0 days 00:00:29.496000,0 days 00:00:30.463000,0 days 00:00:23.316000,0 days 01:06:48.839000,0 days 01:07:19.302000,0 days 01:07:42.618000,277.0,239.0,250.0,305.0,True,MEDIUM,7.0,True,Red Bull Racing,0 days 01:06:19.343000,2025-08-03 13:11:37.437,1,7.0,False,,False,True
497,0 days 01:09:06.100000,VER,1,83.482,8.0,1.0,,,0 days 00:00:29.301000,0 days 00:00:30.676000,0 days 00:00:23.505000,0 days 01:08:11.919000,0 days 01:08:42.595000,0 days 01:09:06.100000,278.0,238.0,251.0,303.0,False,MEDIUM,8.0,True,Red Bull Racing,0 days 01:07:42.618000,2025-08-03 13:13:00.712,1,7.0,False,,False,True
498,0 days 01:10:29.370000,VER,1,83.27,9.0,1.0,,,0 days 00:00:29.429000,0 days 00:00:30.421000,0 days 00:00:23.420000,0 days 01:09:35.529000,0 days 01:10:05.950000,0 days 01:10:29.370000,,240.0,250.0,304.0,True,MEDIUM,9.0,True,Red Bull Racing,0 days 01:09:06.100000,2025-08-03 13:14:24.194,1,7.0,False,,False,True
499,0 days 01:11:52.560000,VER,1,83.19,10.0,1.0,,,0 days 00:00:29.488000,0 days 00:00:30.254000,0 days 00:00:23.448000,0 days 01:10:58.858000,0 days 01:11:29.112000,0 days 01:11:52.560000,,239.0,244.0,303.0,True,MEDIUM,10.0,True,Red Bull Racing,0 days 01:10:29.370000,2025-08-03 13:15:47.464,1,7.0,False,,False,True
500,0 days 01:13:15.855000,VER,1,83.295,11.0,1.0,,,0 days 00:00:29.844000,0 days 00:00:30.048000,0 days 00:00:23.403000,0 days 01:12:22.404000,0 days 01:12:52.452000,0 days 01:13:15.855000,,239.0,244.0,289.0,False,MEDIUM,11.0,True,Red Bull Racing,0 days 01:11:52.560000,2025-08-03 13:17:10.654,1,7.0,False,,False,True
501,0 days 01:14:39.002000,VER,1,83.147,12.0,1.0,,,0 days 00:00:29.794000,0 days 00:00:29.873000,0 days 00:00:23.480000,0 days 01:13:45.649000,0 days 01:14:15.522000,0 days 01:14:39.002000,277.0,240.0,244.0,287.0,True,MEDIUM,12.0,True,Red Bull Racing,0 days 01:13:15.855000,2025-08-03 13:18:33.949,1,7.0,False,,False,True
502,0 days 01:16:02.146000,VER,1,83.144,13.0,1.0,,,0 days 00:00:29.849000,0 days 00:00:29.797000,0 days 00:00:23.498000,0 days 01:15:08.851000,0 days 01:15:38.648000,0 days 01:16:02.146000,,240.0,244.0,,True,MEDIUM,13.0,True,Red Bull Racing,0 days 01:14:39.002000,2025-08-03 13:19:57.096,1,7.0,False,,False,True
503,0 days 01:17:25.229000,VER,1,83.083,14.0,1.0,,,0 days 00:00:29.947000,0 days 00:00:29.693000,0 days 00:00:23.443000,0 days 01:16:32.093000,0 days 01:17:01.786000,0 days 01:17:25.229000,278.0,240.0,244.0,286.0,True,MEDIUM,14.0,True,Red Bull Racing,0 days 01:16:02.146000,2025-08-03 13:21:20.240,1,7.0,False,,False,True
504,0 days 01:18:48.369000,VER,1,83.14,15.0,1.0,,,0 days 00:00:29.781000,0 days 00:00:29.943000,0 days 00:00:23.416000,0 days 01:17:55.010000,0 days 01:18:24.953000,0 days 01:18:48.369000,277.0,241.0,243.0,287.0,False,MEDIUM,15.0,True,Red Bull Racing,0 days 01:17:25.229000,2025-08-03 13:22:43.323,1,7.0,False,,False,True
505,0 days 01:20:11.500000,VER,1,83.131,16.0,1.0,,,0 days 00:00:29.916000,0 days 00:00:29.718000,0 days 00:00:23.497000,0 days 01:19:18.285000,0 days 01:19:48.003000,0 days 01:20:11.500000,,241.0,244.0,286.0,False,MEDIUM,16.0,True,Red Bull Racing,0 days 01:18:48.369000,2025-08-03 13:24:06.463,1,7.0,False,,False,True
506,0 days 01:21:37.056000,VER,1,85.556,17.0,1.0,,0 days 01:21:35.516000,0 days 00:00:29.855000,0 days 00:00:29.742000,0 days 00:00:25.959000,0 days 01:20:41.355000,0 days 01:21:11.097000,0 days 01:21:37.056000,,242.0,,285.0,False,MEDIUM,17.0,True,Red Bull Racing,0 days 01:20:11.500000,2025-08-03 13:25:29.594,1,8.0,False,,False,False
507,0 days 01:23:16.308000,VER,1,99.252,18.0,2.0,0 days 01:21:56.735000,,0 days 00:00:47.735000,0 days 00:00:28.820000,0 days 00:00:22.697000,0 days 01:22:24.791000,0 days 01:22:53.611000,0 days 01:23:16.308000,274.0,246.0,244.0,,False,HARD,1.0,True,Red Bull Racing,0 days 01:21:37.056000,2025-08-03 13:26:55.150,1,16.0,False,,False,False
508,0 days 01:24:37.696000,VER,1,81.388,19.0,2.0,,,0 days 00:00:29.477000,0 days 00:00:29.008000,0 days 00:00:22.903000,0 days 01:23:45.785000,0 days 01:24:14.793000,0 days 01:24:37.696000,276.0,244.0,246.0,285.0,True,HARD,2.0,True,Red Bull Racing,0 days 01:23:16.308000,2025-08-03 13:28:34.402,1,16.0,False,,False,True
509,0 days 01:25:59.940000,VER,1,82.244,20.0,2.0,,,0 days 00:00:29.630000,0 days 00:00:29.671000,0 days 00:00:22.943000,0 days 01:25:07.326000,0 days 01:25:36.997000,0 days 01:25:59.940000,,240.0,245.0,288.0,False,HARD,3.0,True,Red Bull Racing,0 days 01:24:37.696000,2025-08-03 13:29:55.790,1,15.0,False,,False,True
510,0 days 01:27:21.906000,VER,1,81.966,21.0,2.0,,,0 days 00:00:29.519000,0 days 00:00:29.226000,0 days 00:00:23.221000,0 days 01:26:29.459000,0 days 01:26:58.685000,0 days 01:27:21.906000,277.0,242.0,250.0,,False,HARD,4.0,True,Red Bull Racing,0 days 01:25:59.940000,2025-08-03 13:31:18.034,1,15.0,False,,False,True
511,0 days 01:28:44.416000,VER,1,82.51,22.0,2.0,,,0 days 00:00:29.347000,0 days 00:00:29.890000,0 days 00:00:23.273000,0 days 01:27:51.253000,0 days 01:28:21.143000,0 days 01:28:44.416000,281.0,242.0,249.0,302.0,False,HARD,5.0,True,Red Bull Racing,0 days 01:27:21.906000,2025-08-03 13:32:40.000,1,13.0,False,,False,True
512,0 days 01:30:07.682000,VER,1,83.266,23.0,2.0,,,0 days 00:00:29.377000,0 days 00:00:30.106000,0 days 00:00:23.783000,0 days 01:29:13.793000,0 days 01:29:43.899000,0 days 01:30:07.682000,280.0,240.0,248.0,303.0,False,HARD,6.0,True,Red Bull Racing,0 days 01:28:44.416000,2025-08-03 13:34:02.510,1,13.0,False,,False,True
513,0 days 01:31:29.921000,VER,1,82.239,24.0,2.0,,,0 days 00:00:29.494000,0 days 00:00:29.448000,0 days 00:00:23.297000,0 days 01:30:37.176000,0 days 01:31:06.624000,0 days 01:31:29.921000,277.0,243.0,245.0,304.0,False,HARD,7.0,True,Red Bull Racing,0 days 01:30:07.682000,2025-08-03 13:35:25.776,1,12.0,False,,False,True
514,0 days 01:32:53.049000,VER,1,83.128,25.0,2.0,,,0 days 00:00:29.599000,0 days 00:00:29.751000,0 days 00:00:23.778000,0 days 01:31:59.520000,0 days 01:32:29.271000,0 days 01:32:53.049000,279.0,243.0,252.0,289.0,False,HARD,8.0,True,Red Bull Racing,0 days 01:31:29.921000,2025-08-03 13:36:48.015,1,12.0,False,,False,True
515,0 days 01:34:17.600000,VER,1,84.551,26.0,2.0,,,0 days 00:00:29.811000,0 days 00:00:30.554000,0 days 00:00:24.186000,0 days 01:33:22.860000,0 days 01:33:53.414000,0 days 01:34:17.600000,278.0,239.0,249.0,309.0,False,HARD,9.0,True,Red Bull Racing,0 days 01:32:53.049000,2025-08-03 13:38:11.143,1,12.0,False,,False,True
516,0 days 01:35:41.449000,VER,1,83.849,27.0,2.0,,,0 days 00:00:29.748000,0 days 00:00:30.191000,0 days 00:00:23.910000,0 days 01:34:47.348000,0 days 01:35:17.539000,0 days 01:35:41.449000,276.0,242.0,251.0,304.0,False,HARD,10.0,True,Red Bull Racing,0 days 01:34:17.600000,2025-08-03 13:39:35.694,1,12.0,False,,False,True
517,0 days 01:37:05.574000,VER,1,84.125,28.0,2.0,,,0 days 00:00:29.805000,0 days 00:00:30.548000,0 days 00:00:23.772000,0 days 01:36:11.254000,0 days 01:36:41.802000,0 days 01:37:05.574000,279.0,240.0,253.0,307.0,False,HARD,11.0,True,Red Bull Racing,0 days 01:35:41.449000,2025-08-03 13:40:59.543,1,12.0,False,,False,True
518,0 days 01:38:29.156000,VER,1,83.582,29.0,2.0,,,0 days 00:00:29.718000,0 days 00:00:30.286000,0 days 00:00:23.578000,0 days 01:37:35.292000,0 days 01:38:05.578000,0 days 01:38:29.156000,285.0,244.0,251.0,311.0,False,HARD,12.0,True,Red Bull Racing,0 days 01:37:05.574000,2025-08-03 13:42:23.668,1,11.0,False,,False,True
519,0 days 01:39:51.926000,VER,1,82.77,30.0,2.0,,,0 days 00:00:29.345000,0 days 00:00:30.117000,0 days 00:00:23.308000,0 days 01:38:58.501000,0 days 01:39:28.618000,0 days 01:39:51.926000,281.0,243.0,251.0,305.0,False,HARD,13.0,True,Red Bull Racing,0 days 01:38:29.156000,2025-08-03 13:43:47.250,1,9.0,False,,False,True
520,0 days 01:41:13.242000,VER,1,81.316,31.0,2.0,,,0 days 00:00:29.142000,0 days 00:00:29.103000,0 days 00:00:23.071000,0 days 01:40:21.068000,0 days 01:40:50.171000,0 days 01:41:13.242000,276.0,248.0,245.0,298.0,True,HARD,14.0,True,Red Bull Racing,0 days 01:39:51.926000,2025-08-03 13:45:10.020,1,9.0,False,,False,True
521,0 days 01:42:34.993000,VER,1,81.751,32.0,2.0,,,0 days 00:00:29.617000,0 days 00:00:29.014000,0 days 00:00:23.120000,0 days 01:41:42.859000,0 days 01:42:11.873000,0 days 01:42:34.993000,,248.0,244.0,283.0,False,HARD,15.0,True,Red Bull Racing,0 days 01:41:13.242000,2025-08-03 13:46:31.336,1,9.0,False,,False,True
522,0 days 01:43:56.614000,VER,1,81.621,33.0,2.0,,,0 days 00:00:29.599000,0 days 00:00:28.958000,0 days 00:00:23.064000,0 days 01:43:04.592000,0 days 01:43:33.550000,0 days 01:43:56.614000,277.0,248.0,245.0,285.0,False,HARD,16.0,True,Red Bull Racing,0 days 01:42:34.993000,2025-08-03 13:47:53.087,1,9.0,False,,False,True
523,0 days 01:45:18.603000,VER,1,81.989,34.0,2.0,,,0 days 00:00:29.618000,0 days 00:00:29.174000,0 days 00:00:23.197000,0 days 01:44:26.232000,0 days 01:44:55.406000,0 days 01:45:18.603000,,248.0,244.0,,False,HARD,17.0,True,Red Bull Racing,0 days 01:43:56.614000,2025-08-03 13:49:14.708,1,9.0,False,,False,True
524,0 days 01:46:40.379000,VER,1,81.776,35.0,2.0,,,0 days 00:00:29.566000,0 days 00:00:29.081000,0 days 00:00:23.129000,0 days 01:45:48.169000,0 days 01:46:17.250000,0 days 01:46:40.379000,,248.0,244.0,284.0,False,HARD,18.0,True,Red Bull Racing,0 days 01:45:18.603000,2025-08-03 13:50:36.697,1,9.0,False,,False,True
525,0 days 01:48:01.991000,VER,1,81.612,36.0,2.0,,,0 days 00:00:29.565000,0 days 00:00:28.965000,0 days 00:00:23.082000,0 days 01:47:09.944000,0 days 01:47:38.909000,0 days 01:48:01.991000,,249.0,244.0,285.0,False,HARD,19.0,True,Red Bull Racing,0 days 01:46:40.379000,2025-08-03 13:51:58.473,1,9.0,False,,False,True
526,0 days 01:49:23.703000,VER,1,81.712,37.0,2.0,,,0 days 00:00:29.509000,0 days 00:00:29.036000,0 days 00:00:23.167000,0 days 01:48:31.500000,0 days 01:49:00.536000,0 days 01:49:23.703000,278.0,248.0,244.0,286.0,False,HARD,20.0,True,Red Bull Racing,0 days 01:48:01.991000,2025-08-03 13:53:20.085,1,8.0,False,,False,True
527,0 days 01:50:46.043000,VER,1,82.34,38.0,2.0,,,0 days 00:00:29.708000,0 days 00:00:29.287000,0 days 00:00:23.345000,0 days 01:49:53.411000,0 days 01:50:22.698000,0 days 01:50:46.043000,,247.0,244.0,,False,HARD,21.0,True,Red Bull Racing,0 days 01:49:23.703000,2025-08-03 13:54:41.797,1,8.0,False,,False,True
528,0 days 01:52:08.082000,VER,1,82.039,39.0,2.0,,,0 days 00:00:29.507000,0 days 00:00:29.171000,0 days 00:00:23.361000,0 days 01:51:15.550000,0 days 01:51:44.721000,0 days 01:52:08.082000,277.0,248.0,245.0,,False,HARD,22.0,True,Red Bull Racing,0 days 01:50:46.043000,2025-08-03 13:56:04.137,1,8.0,False,,False,True
529,0 days 01:53:30.179000,VER,1,82.097,40.0,2.0,,,0 days 00:00:29.531000,0 days 00:00:29.238000,0 days 00:00:23.328000,0 days 01:52:37.613000,0 days 01:53:06.851000,0 days 01:53:30.179000,278.0,248.0,243.0,288.0,False,HARD,23.0,True,Red Bull Racing,0 days 01:52:08.082000,2025-08-03 13:57:26.176,1,6.0,False,,False,True
530,0 days 01:54:52.002000,VER,1,81.823,41.0,2.0,,,0 days 00:00:29.628000,0 days 00:00:29.034000,0 days 00:00:23.161000,0 days 01:53:59.807000,0 days 01:54:28.841000,0 days 01:54:52.002000,276.0,249.0,244.0,284.0,False,HARD,24.0,True,Red Bull Racing,0 days 01:53:30.179000,2025-08-03 13:58:48.273,1,5.0,False,,False,True
531,0 days 01:56:14.029000,VER,1,82.027,42.0,2.0,,,0 days 00:00:29.648000,0 days 00:00:29.169000,0 days 00:00:23.210000,0 days 01:55:21.650000,0 days 01:55:50.819000,0 days 01:56:14.029000,,248.0,244.0,283.0,False,HARD,25.0,True,Red Bull Racing,0 days 01:54:52.002000,2025-08-03 14:00:10.096,1,5.0,False,,False,True
532,0 days 01:57:35.944000,VER,1,81.915,43.0,2.0,,,0 days 00:00:29.724000,0 days 00:00:29.155000,0 days 00:00:23.036000,0 days 01:56:43.753000,0 days 01:57:12.908000,0 days 01:57:35.944000,277.0,248.0,245.0,,False,HARD,26.0,True,Red Bull Racing,0 days 01:56:14.029000,2025-08-03 14:01:32.123,1,5.0,False,,False,True
533,0 days 01:58:57.810000,VER,1,81.866,44.0,2.0,,,0 days 00:00:29.778000,0 days 00:00:29.101000,0 days 00:00:22.987000,0 days 01:58:05.722000,0 days 01:58:34.823000,0 days 01:58:57.810000,276.0,248.0,244.0,,False,HARD,27.0,True,Red Bull Racing,0 days 01:57:35.944000,2025-08-03 14:02:54.038,1,5.0,False,,False,True
534,0 days 02:00:19.746000,VER,1,81.936,45.0,2.0,,,0 days 00:00:29.668000,0 days 00:00:29.148000,0 days 00:00:23.120000,0 days 01:59:27.478000,0 days 01:59:56.626000,0 days 02:00:19.746000,277.0,248.0,245.0,,False,HARD,28.0,True,Red Bull Racing,0 days 01:58:57.810000,2025-08-03 14:04:15.904,1,5.0,False,,False,True
535,0 days 02:01:41.381000,VER,1,81.635,46.0,2.0,,,0 days 00:00:29.518000,0 days 00:00:29.057000,0 days 00:00:23.060000,0 days 02:00:49.264000,0 days 02:01:18.321000,0 days 02:01:41.381000,,249.0,245.0,,False,HARD,29.0,True,Red Bull Racing,0 days 02:00:19.746000,2025-08-03 14:05:37.840,1,5.0,False,,False,True
536,0 days 02:03:03.314000,VER,1,81.933,47.0,2.0,,,0 days 00:00:29.596000,0 days 00:00:29.108000,0 days 00:00:23.229000,0 days 02:02:10.977000,0 days 02:02:40.085000,0 days 02:03:03.314000,,249.0,244.0,284.0,False,HARD,30.0,True,Red Bull Racing,0 days 02:01:41.381000,2025-08-03 14:06:59.475,1,5.0,False,,False,True
537,0 days 02:04:27.652000,VER,1,84.338,48.0,2.0,,0 days 02:04:25.971000,0 days 00:00:29.525000,0 days 00:00:29.056000,0 days 00:00:25.757000,0 days 02:03:32.839000,0 days 02:04:01.895000,0 days 02:04:27.652000,,248.0,,285.0,False,HARD,31.0,True,Red Bull Racing,0 days 02:03:03.314000,2025-08-03 14:08:21.408,1,5.0,False,,False,False
538,0 days 02:06:05.769000,VER,1,98.117,49.0,3.0,0 days 02:04:47.245000,,0 days 00:00:47.297000,0 days 00:00:28.288000,0 days 00:00:22.532000,0 days 02:05:14.949000,0 days 02:05:43.237000,0 days 02:06:05.769000,276.0,250.0,248.0,,False,HARD,1.0,True,Red Bull Racing,0 days 02:04:27.652000,2025-08-03 14:09:45.746,1,9.0,False,,False,False
539,0 days 02:07:25.345000,VER,1,79.576,50.0,3.0,,,0 days 00:00:29.022000,0 days 00:00:28.166000,0 days 00:00:22.388000,0 days 02:06:34.791000,0 days 02:07:02.957000,0 days 02:07:25.345000,278.0,250.0,248.0,286.0,True,HARD,2.0,True,Red Bull Racing,0 days 02:06:05.769000,2025-08-03 14:11:23.863,1,9.0,False,,False,True
540,0 days 02:08:45.034000,VER,1,79.689,51.0,3.0,,,0 days 00:00:28.981000,0 days 00:00:28.194000,0 days 00:00:22.514000,0 days 02:07:54.326000,0 days 02:08:22.520000,0 days 02:08:45.034000,,252.0,248.0,288.0,False,HARD,3.0,True,Red Bull Racing,0 days 02:07:25.345000,2025-08-03 14:12:43.439,1,9.0,False,,False,True
541,0 days 02:10:04.913000,VER,1,79.879,52.0,3.0,,,0 days 00:00:29.047000,0 days 00:00:28.309000,0 days 00:00:22.523000,0 days 02:09:14.081000,0 days 02:09:42.390000,0 days 02:10:04.913000,280.0,251.0,249.0,,False,HARD,4.0,True,Red Bull Racing,0 days 02:08:45.034000,2025-08-03 14:14:03.128,1,9.0,False,,False,True
542,0 days 02:11:25.148000,VER,1,80.235,53.0,3.0,,,0 days 00:00:29.057000,0 days 00:00:28.517000,0 days 00:00:22.661000,0 days 02:10:33.970000,0 days 02:11:02.487000,0 days 02:11:25.148000,281.0,250.0,255.0,290.0,False,HARD,5.0,True,Red Bull Racing,0 days 02:10:04.913000,2025-08-03 14:15:23.007,1,9.0,False,,False,True
543,0 days 02:12:45.788000,VER,1,80.64,54.0,3.0,,,0 days 00:00:28.848000,0 days 00:00:29.081000,0 days 00:00:22.711000,0 days 02:11:53.996000,0 days 02:12:23.077000,0 days 02:12:45.788000,280.0,250.0,254.0,305.0,False,HARD,6.0,True,Red Bull Racing,0 days 02:11:25.148000,2025-08-03 14:16:43.242,1,9.0,False,,False,True
544,0 days 02:14:06.633000,VER,1,80.845,55.0,3.0,,,0 days 00:00:28.929000,0 days 00:00:29.055000,0 days 00:00:22.861000,0 days 02:13:14.717000,0 days 02:13:43.772000,0 days 02:14:06.633000,,250.0,253.0,308.0,False,HARD,7.0,True,Red Bull Racing,0 days 02:12:45.788000,2025-08-03 14:18:03.882,1,9.0,False,,False,True
545,0 days 02:15:26.939000,VER,1,80.306,56.0,3.0,,,0 days 00:00:28.773000,0 days 00:00:28.778000,0 days 00:00:22.755000,0 days 02:14:35.406000,0 days 02:15:04.184000,0 days 02:15:26.939000,283.0,252.0,254.0,306.0,False,HARD,8.0,True,Red Bull Racing,0 days 02:14:06.633000,2025-08-03 14:19:24.727,1,9.0,False,,False,True
546,0 days 02:16:47.786000,VER,1,80.847,57.0,3.0,,,0 days 00:00:29.142000,0 days 00:00:28.976000,0 days 00:00:22.729000,0 days 02:15:56.081000,0 days 02:16:25.057000,0 days 02:16:47.786000,,249.0,255.0,307.0,False,HARD,9.0,True,Red Bull Racing,0 days 02:15:26.939000,2025-08-03 14:20:45.033,1,9.0,False,,False,True
547,0 days 02:18:08.463000,VER,1,80.677,58.0,3.0,,,0 days 00:00:28.847000,0 days 00:00:29.048000,0 days 00:00:22.782000,0 days 02:17:16.633000,0 days 02:17:45.681000,0 days 02:18:08.463000,284.0,251.0,253.0,306.0,False,HARD,10.0,True,Red Bull Racing,0 days 02:16:47.786000,2025-08-03 14:22:05.880,1,9.0,False,,False,True
548,0 days 02:19:29.126000,VER,1,80.663,59.0,3.0,,,0 days 00:00:29.105000,0 days 00:00:28.754000,0 days 00:00:22.804000,0 days 02:18:37.568000,0 days 02:19:06.322000,0 days 02:19:29.126000,282.0,253.0,253.0,,False,HARD,11.0,True,Red Bull Racing,0 days 02:18:08.463000,2025-08-03 14:23:26.557,1,9.0,False,,False,True
549,0 days 02:20:49.904000,VER,1,80.778,60.0,3.0,,,0 days 00:00:29.008000,0 days 00:00:29.025000,0 days 00:00:22.745000,0 days 02:19:58.134000,0 days 02:20:27.159000,0 days 02:20:49.904000,283.0,253.0,255.0,308.0,False,HARD,12.0,True,Red Bull Racing,0 days 02:19:29.126000,2025-08-03 14:24:47.220,1,9.0,False,,False,True
550,0 days 02:22:10.696000,VER,1,80.792,61.0,3.0,,,0 days 00:00:29.011000,0 days 00:00:29.025000,0 days 00:00:22.756000,0 days 02:21:18.915000,0 days 02:21:47.940000,0 days 02:22:10.696000,282.0,252.0,255.0,,False,HARD,13.0,True,Red Bull Racing,0 days 02:20:49.904000,2025-08-03 14:26:07.998,1,9.0,False,,False,True
551,0 days 02:23:31.527000,VER,1,80.831,62.0,3.0,,,0 days 00:00:28.930000,0 days 00:00:29.018000,0 days 00:00:22.883000,0 days 02:22:39.626000,0 days 02:23:08.644000,0 days 02:23:31.527000,,251.0,255.0,,False,HARD,14.0,True,Red Bull Racing,0 days 02:22:10.696000,2025-08-03 14:27:28.790,1,9.0,False,,False,True
552,0 days 02:24:52.624000,VER,1,81.097,63.0,3.0,,,0 days 00:00:29.194000,0 days 00:00:28.954000,0 days 00:00:22.949000,0 days 02:24:00.721000,0 days 02:24:29.675000,0 days 02:24:52.624000,,253.0,247.0,,False,HARD,15.0,True,Red Bull Racing,0 days 02:23:31.527000,2025-08-03 14:28:49.621,1,9.0,False,,False,True
553,0 days 02:26:13.656000,VER,1,81.032,64.0,3.0,,,0 days 00:00:29.252000,0 days 00:00:28.700000,0 days 00:00:23.080000,0 days 02:25:21.876000,0 days 02:25:50.576000,0 days 02:26:13.656000,,253.0,248.0,291.0,False,HARD,16.0,True,Red Bull Racing,0 days 02:24:52.624000,2025-08-03 14:30:10.718,1,9.0,False,,False,True
554,0 days 02:27:34.696000,VER,1,81.04,65.0,3.0,,,0 days 00:00:29.278000,0 days 00:00:28.774000,0 days 00:00:22.988000,0 days 02:26:42.934000,0 days 02:27:11.708000,0 days 02:27:34.696000,281.0,250.0,249.0,,False,HARD,17.0,True,Red Bull Racing,0 days 02:26:13.656000,2025-08-03 14:31:31.750,1,9.0,False,,False,True
555,0 days 02:28:55.857000,VER,1,81.161,66.0,3.0,,,0 days 00:00:29.315000,0 days 00:00:28.906000,0 days 00:00:22.940000,0 days 02:28:04.011000,0 days 02:28:32.917000,0 days 02:28:55.857000,282.0,251.0,250.0,,False,HARD,18.0,True,Red Bull Racing,0 days 02:27:34.696000,2025-08-03 14:32:52.790,1,9.0,False,,False,True
556,0 days 02:30:16.951000,VER,1,81.094,67.0,3.0,,,0 days 00:00:29.261000,0 days 00:00:28.718000,0 days 00:00:23.115000,0 days 02:29:25.118000,0 days 02:29:53.836000,0 days 02:30:16.951000,283.0,253.0,248.0,,False,HARD,19.0,True,Red Bull Racing,0 days 02:28:55.857000,2025-08-03 14:34:13.951,1,9.0,False,,False,True
557,0 days 02:31:38.227000,VER,1,81.276,68.0,3.0,,,0 days 00:00:29.434000,0 days 00:00:28.845000,0 days 00:00:22.997000,0 days 02:30:46.385000,0 days 02:31:15.230000,0 days 02:31:38.227000,282.0,251.0,247.0,,False,HARD,20.0,True,Red Bull Racing,0 days 02:30:16.951000,2025-08-03 14:35:35.045,1,9.0,False,,False,True
558,0 days 02:32:59.904000,VER,1,81.677,69.0,3.0,,,0 days 00:00:29.626000,0 days 00:00:29.004000,0 days 00:00:23.047000,0 days 02:32:07.853000,0 days 02:32:36.857000,0 days 02:32:59.904000,,251.0,250.0,289.0,False,HARD,21.0,True,Red Bull Racing,0 days 02:31:38.227000,2025-08-03 14:36:56.321,1,9.0,False,,False,True
559,0 days 02:34:22.108000,VER,1,82.204,70.0,3.0,,,0 days 00:00:29.424000,0 days 00:00:29.279000,0 days 00:00:23.501000,0 days 02:33:29.328000,0 days 02:33:58.607000,0 days 02:34:22.108000,281.0,250.0,205.0,290.0,False,HARD,22.0,True,Red Bull Racing,0 days 02:32:59.904000,2025-08-03 14:38:17.998,1,9.0,False,,False,True
747,0 days 00:59:23.220000,HAM,44,,1.0,1.0,,,,0 days 00:00:33.267000,0 days 00:00:24.035000,,0 days 00:58:59.190000,0 days 00:59:23.338000,265.0,231.0,244.0,267.0,False,HARD,1.0,True,Ferrari,0 days 00:57:47.946000,2025-08-03 13:03:06.040,1,14.0,False,,False,False
748,0 days 01:00:48.115000,HAM,44,84.895,2.0,1.0,,,0 days 00:00:30.372000,0 days 00:00:30.912000,0 days 00:00:23.611000,0 days 00:59:53.597000,0 days 01:00:24.509000,0 days 01:00:48.120000,271.0,235.0,251.0,289.0,True,HARD,2.0,True,Ferrari,0 days 00:59:23.220000,2025-08-03 13:04:41.314,1,14.0,False,,False,True
749,0 days 01:02:12.452000,HAM,44,84.337,3.0,1.0,,,0 days 00:00:29.631000,0 days 00:00:30.971000,0 days 00:00:23.735000,0 days 01:01:17.751000,0 days 01:01:48.722000,0 days 01:02:12.457000,265.0,235.0,250.0,307.0,True,HARD,3.0,True,Ferrari,0 days 01:00:48.115000,2025-08-03 13:06:06.209,1,14.0,False,,False,True
750,0 days 01:03:36.634000,HAM,44,84.182,4.0,1.0,,,0 days 00:00:29.715000,0 days 00:00:30.699000,0 days 00:00:23.768000,0 days 01:02:42.172000,0 days 01:03:12.871000,0 days 01:03:36.639000,260.0,237.0,252.0,306.0,True,HARD,4.0,True,Ferrari,0 days 01:02:12.452000,2025-08-03 13:07:30.546,1,14.0,False,,False,True
751,0 days 01:05:00.647000,HAM,44,84.013,5.0,1.0,,,0 days 00:00:29.644000,0 days 00:00:30.752000,0 days 00:00:23.617000,0 days 01:04:06.283000,0 days 01:04:37.035000,0 days 01:05:00.652000,275.0,235.0,251.0,305.0,True,HARD,5.0,True,Ferrari,0 days 01:03:36.634000,2025-08-03 13:08:54.728,1,14.0,False,,False,True
752,0 days 01:06:24.426000,HAM,44,83.779,6.0,1.0,,,0 days 00:00:29.597000,0 days 00:00:30.663000,0 days 00:00:23.519000,0 days 01:05:30.249000,0 days 01:06:00.912000,0 days 01:06:24.431000,271.0,235.0,252.0,306.0,True,HARD,6.0,True,Ferrari,0 days 01:05:00.647000,2025-08-03 13:10:18.741,1,14.0,False,,False,True
753,0 days 01:07:48.062000,HAM,44,83.636,7.0,1.0,,,0 days 00:00:29.691000,0 days 00:00:30.375000,0 days 00:00:23.570000,0 days 01:06:54.122000,0 days 01:07:24.497000,0 days 01:07:48.067000,274.0,234.0,251.0,307.0,True,HARD,7.0,True,Ferrari,0 days 01:06:24.426000,2025-08-03 13:11:42.520,1,14.0,False,,False,True
754,0 days 01:09:11.282000,HAM,44,83.22,8.0,1.0,,,0 days 00:00:29.658000,0 days 00:00:30.086000,0 days 00:00:23.476000,0 days 01:08:17.725000,0 days 01:08:47.811000,0 days 01:09:11.287000,269.0,235.0,251.0,306.0,True,HARD,8.0,True,Ferrari,0 days 01:07:48.062000,2025-08-03 13:13:06.156,1,14.0,False,,False,True
755,0 days 01:10:34.791000,HAM,44,83.509,9.0,1.0,,,0 days 00:00:29.719000,0 days 00:00:30.115000,0 days 00:00:23.675000,0 days 01:09:41.006000,0 days 01:10:11.121000,0 days 01:10:34.796000,276.0,235.0,250.0,,False,HARD,9.0,True,Ferrari,0 days 01:09:11.282000,2025-08-03 13:14:29.376,1,14.0,False,,False,True
756,0 days 01:11:58.201000,HAM,44,83.41,10.0,1.0,,,0 days 00:00:29.672000,0 days 00:00:30.164000,0 days 00:00:23.574000,0 days 01:11:04.468000,0 days 01:11:34.632000,0 days 01:11:58.206000,,237.0,251.0,304.0,False,HARD,10.0,True,Ferrari,0 days 01:10:34.791000,2025-08-03 13:15:52.885,1,14.0,False,,False,True
757,0 days 01:13:21.668000,HAM,44,83.467,11.0,1.0,,,0 days 00:00:29.590000,0 days 00:00:30.308000,0 days 00:00:23.569000,0 days 01:12:27.796000,0 days 01:12:58.104000,0 days 01:13:21.673000,,235.0,250.0,305.0,False,HARD,11.0,True,Ferrari,0 days 01:11:58.201000,2025-08-03 13:17:16.295,1,14.0,False,,False,True
758,0 days 01:14:45.493000,HAM,44,83.825,12.0,1.0,,,0 days 00:00:29.781000,0 days 00:00:30.350000,0 days 00:00:23.694000,0 days 01:13:51.454000,0 days 01:14:21.804000,0 days 01:14:45.498000,267.0,233.0,251.0,307.0,False,HARD,12.0,True,Ferrari,0 days 01:13:21.668000,2025-08-03 13:18:39.762,1,14.0,False,,False,True
759,0 days 01:16:09.012000,HAM,44,83.519,13.0,1.0,,,0 days 00:00:29.703000,0 days 00:00:30.218000,0 days 00:00:23.598000,0 days 01:15:15.201000,0 days 01:15:45.419000,0 days 01:16:09.017000,269.0,236.0,252.0,,False,HARD,13.0,True,Ferrari,0 days 01:14:45.493000,2025-08-03 13:20:03.587,1,14.0,False,,False,True
760,0 days 01:17:32.697000,HAM,44,83.685,14.0,1.0,,,0 days 00:00:29.834000,0 days 00:00:30.038000,0 days 00:00:23.813000,0 days 01:16:38.851000,0 days 01:17:08.889000,0 days 01:17:32.702000,264.0,237.0,250.0,308.0,False,HARD,14.0,True,Ferrari,0 days 01:16:09.012000,2025-08-03 13:21:27.106,1,14.0,False,,False,True
761,0 days 01:18:56.590000,HAM,44,83.893,15.0,1.0,,,0 days 00:00:29.783000,0 days 00:00:30.410000,0 days 00:00:23.700000,0 days 01:18:02.485000,0 days 01:18:32.895000,0 days 01:18:56.595000,275.0,236.0,249.0,305.0,False,HARD,15.0,True,Ferrari,0 days 01:17:32.697000,2025-08-03 13:22:50.791,1,13.0,False,,False,True
762,0 days 01:20:19.951000,HAM,44,83.361,16.0,1.0,,,0 days 00:00:29.881000,0 days 00:00:29.937000,0 days 00:00:23.543000,0 days 01:19:26.476000,0 days 01:19:56.413000,0 days 01:20:19.956000,282.0,237.0,252.0,302.0,False,HARD,16.0,True,Ferrari,0 days 01:18:56.590000,2025-08-03 13:24:14.684,1,13.0,False,,False,True
763,0 days 01:21:43.406000,HAM,44,83.455,17.0,1.0,,,0 days 00:00:29.779000,0 days 00:00:30.083000,0 days 00:00:23.593000,0 days 01:20:49.735000,0 days 01:21:19.818000,0 days 01:21:43.411000,279.0,238.0,250.0,,False,HARD,17.0,True,Ferrari,0 days 01:20:19.951000,2025-08-03 13:25:38.045,1,13.0,False,,False,True
764,0 days 01:23:07.213000,HAM,44,83.807,18.0,1.0,,,0 days 00:00:30.055000,0 days 00:00:30.012000,0 days 00:00:23.740000,0 days 01:22:13.466000,0 days 01:22:43.478000,0 days 01:23:07.218000,273.0,237.0,248.0,299.0,False,HARD,18.0,True,Ferrari,0 days 01:21:43.406000,2025-08-03 13:27:01.500,1,12.0,False,,False,True
765,0 days 01:24:30.792000,HAM,44,83.579,19.0,1.0,,,0 days 00:00:29.841000,0 days 00:00:30.051000,0 days 00:00:23.687000,0 days 01:23:37.059000,0 days 01:24:07.110000,0 days 01:24:30.797000,280.0,237.0,248.0,300.0,False,HARD,19.0,True,Ferrari,0 days 01:23:07.213000,2025-08-03 13:28:25.307,1,12.0,False,,False,True
766,0 days 01:25:54.285000,HAM,44,83.493,20.0,1.0,,,0 days 00:00:29.859000,0 days 00:00:29.978000,0 days 00:00:23.656000,0 days 01:25:00.656000,0 days 01:25:30.634000,0 days 01:25:54.290000,278.0,236.0,250.0,302.0,False,HARD,20.0,True,Ferrari,0 days 01:24:30.792000,2025-08-03 13:29:48.886,1,12.0,False,,False,True
767,0 days 01:27:18.123000,HAM,44,83.838,21.0,1.0,,,0 days 00:00:29.818000,0 days 00:00:30.234000,0 days 00:00:23.786000,0 days 01:26:24.108000,0 days 01:26:54.342000,0 days 01:27:18.128000,279.0,234.0,249.0,304.0,False,HARD,21.0,True,Ferrari,0 days 01:25:54.285000,2025-08-03 13:31:12.379,1,11.0,False,,False,True
768,0 days 01:28:41.363000,HAM,44,83.24,22.0,1.0,,,0 days 00:00:29.710000,0 days 00:00:29.929000,0 days 00:00:23.601000,0 days 01:27:47.838000,0 days 01:28:17.767000,0 days 01:28:41.368000,278.0,237.0,251.0,302.0,False,HARD,22.0,True,Ferrari,0 days 01:27:18.123000,2025-08-03 13:32:36.217,1,11.0,False,,False,True
769,0 days 01:30:05.506000,HAM,44,84.143,23.0,1.0,,,0 days 00:00:29.673000,0 days 00:00:30.738000,0 days 00:00:23.732000,0 days 01:29:11.041000,0 days 01:29:41.779000,0 days 01:30:05.511000,281.0,236.0,245.0,305.0,False,HARD,23.0,True,Ferrari,0 days 01:28:41.363000,2025-08-03 13:33:59.457,1,11.0,False,,False,True
770,0 days 01:31:28.949000,HAM,44,83.443,24.0,1.0,,,0 days 00:00:29.994000,0 days 00:00:29.854000,0 days 00:00:23.595000,0 days 01:30:35.505000,0 days 01:31:05.359000,0 days 01:31:28.954000,280.0,239.0,250.0,292.0,False,HARD,24.0,True,Ferrari,0 days 01:30:05.506000,2025-08-03 13:35:23.600,1,11.0,False,,False,True
771,0 days 01:32:52.728000,HAM,44,83.779,25.0,1.0,,,0 days 00:00:29.796000,0 days 00:00:30.182000,0 days 00:00:23.801000,0 days 01:31:58.750000,0 days 01:32:28.932000,0 days 01:32:52.733000,281.0,234.0,250.0,303.0,False,HARD,25.0,True,Ferrari,0 days 01:31:28.949000,2025-08-03 13:36:47.043,1,11.0,False,,False,True
772,0 days 01:34:16.925000,HAM,44,84.197,26.0,1.0,,,0 days 00:00:29.885000,0 days 00:00:30.433000,0 days 00:00:23.879000,0 days 01:33:22.618000,0 days 01:33:53.051000,0 days 01:34:16.930000,,236.0,250.0,,False,HARD,26.0,True,Ferrari,0 days 01:32:52.728000,2025-08-03 13:38:10.822,1,11.0,False,,False,True
773,0 days 01:35:40.973000,HAM,44,84.048,27.0,1.0,,,0 days 00:00:29.887000,0 days 00:00:30.277000,0 days 00:00:23.884000,0 days 01:34:46.817000,0 days 01:35:17.094000,0 days 01:35:40.978000,279.0,235.0,249.0,,False,HARD,27.0,True,Ferrari,0 days 01:34:16.925000,2025-08-03 13:39:35.019,1,11.0,False,,False,True
774,0 days 01:37:05.281000,HAM,44,84.308,28.0,1.0,,,0 days 00:00:30.004000,0 days 00:00:30.400000,0 days 00:00:23.904000,0 days 01:36:10.982000,0 days 01:36:41.382000,0 days 01:37:05.286000,281.0,235.0,251.0,302.0,False,HARD,28.0,True,Ferrari,0 days 01:35:40.973000,2025-08-03 13:40:59.067,1,11.0,False,,False,True
775,0 days 01:38:30.771000,HAM,44,85.49,29.0,1.0,,,0 days 00:00:29.946000,0 days 00:00:31.920000,0 days 00:00:23.624000,0 days 01:37:35.232000,0 days 01:38:07.152000,0 days 01:38:30.776000,,238.0,244.0,305.0,False,HARD,29.0,True,Ferrari,0 days 01:37:05.281000,2025-08-03 13:42:23.375,1,12.0,True,TRACK LIMITS AT TURN 4 LAP 29 ,False,True
776,0 days 01:39:54.446000,HAM,44,83.675,30.0,1.0,,,0 days 00:00:29.873000,0 days 00:00:30.186000,0 days 00:00:23.616000,0 days 01:39:00.649000,0 days 01:39:30.835000,0 days 01:39:54.451000,,237.0,245.0,289.0,False,HARD,30.0,True,Ferrari,0 days 01:38:30.771000,2025-08-03 13:43:48.865,1,12.0,False,,False,True
777,0 days 01:41:17.257000,HAM,44,82.811,31.0,1.0,,,0 days 00:00:29.798000,0 days 00:00:29.507000,0 days 00:00:23.506000,0 days 01:40:24.249000,0 days 01:40:53.756000,0 days 01:41:17.262000,,237.0,249.0,,True,HARD,31.0,True,Ferrari,0 days 01:39:54.446000,2025-08-03 13:45:12.540,1,11.0,False,,False,True
778,0 days 01:42:40.508000,HAM,44,83.251,32.0,1.0,,,0 days 00:00:29.594000,0 days 00:00:29.984000,0 days 00:00:23.673000,0 days 01:41:46.856000,0 days 01:42:16.840000,0 days 01:42:40.513000,279.0,236.0,248.0,301.0,False,HARD,32.0,True,Ferrari,0 days 01:41:17.257000,2025-08-03 13:46:35.351,1,11.0,False,,False,True
779,0 days 01:44:03.544000,HAM,44,83.036,33.0,1.0,,,0 days 00:00:29.797000,0 days 00:00:29.767000,0 days 00:00:23.472000,0 days 01:43:10.310000,0 days 01:43:40.077000,0 days 01:44:03.549000,281.0,238.0,250.0,,False,HARD,33.0,True,Ferrari,0 days 01:42:40.508000,2025-08-03 13:47:58.602,1,10.0,False,,False,True
780,0 days 01:45:25.801000,HAM,44,82.257,34.0,1.0,,,0 days 00:00:29.452000,0 days 00:00:29.541000,0 days 00:00:23.264000,0 days 01:44:33.001000,0 days 01:45:02.542000,0 days 01:45:25.806000,277.0,239.0,247.0,299.0,True,HARD,34.0,True,Ferrari,0 days 01:44:03.544000,2025-08-03 13:49:21.638,1,10.0,False,,False,True
781,0 days 01:46:48.075000,HAM,44,82.274,35.0,1.0,,,0 days 00:00:29.737000,0 days 00:00:29.308000,0 days 00:00:23.229000,0 days 01:45:55.543000,0 days 01:46:24.851000,0 days 01:46:48.080000,,239.0,245.0,285.0,False,HARD,35.0,True,Ferrari,0 days 01:45:25.801000,2025-08-03 13:50:43.895,1,10.0,False,,False,True
782,0 days 01:48:10.526000,HAM,44,82.451,36.0,1.0,,,0 days 00:00:29.729000,0 days 00:00:29.390000,0 days 00:00:23.332000,0 days 01:47:17.809000,0 days 01:47:47.199000,0 days 01:48:10.531000,,239.0,246.0,286.0,False,HARD,36.0,True,Ferrari,0 days 01:46:48.075000,2025-08-03 13:52:06.169,1,10.0,False,,False,True
783,0 days 01:49:32.718000,HAM,44,82.192,37.0,1.0,,,0 days 00:00:29.685000,0 days 00:00:29.343000,0 days 00:00:23.164000,0 days 01:48:40.216000,0 days 01:49:09.559000,0 days 01:49:32.723000,,240.0,248.0,285.0,True,HARD,37.0,True,Ferrari,0 days 01:48:10.526000,2025-08-03 13:53:28.620,1,9.0,False,,False,True
784,0 days 01:50:54.990000,HAM,44,82.272,38.0,1.0,,,0 days 00:00:29.669000,0 days 00:00:29.308000,0 days 00:00:23.295000,0 days 01:50:02.392000,0 days 01:50:31.700000,0 days 01:50:54.995000,,240.0,245.0,,False,HARD,38.0,True,Ferrari,0 days 01:49:32.718000,2025-08-03 13:54:50.812,1,9.0,False,,False,True
785,0 days 01:52:17.427000,HAM,44,82.437,39.0,1.0,,,0 days 00:00:29.753000,0 days 00:00:29.412000,0 days 00:00:23.272000,0 days 01:51:24.748000,0 days 01:51:54.160000,0 days 01:52:17.432000,,241.0,248.0,286.0,False,HARD,39.0,True,Ferrari,0 days 01:50:54.990000,2025-08-03 13:56:13.084,1,9.0,False,,False,True
786,0 days 01:53:40.645000,HAM,44,83.218,40.0,1.0,,,0 days 00:00:29.814000,0 days 00:00:29.872000,0 days 00:00:23.532000,0 days 01:52:47.246000,0 days 01:53:17.118000,0 days 01:53:40.650000,280.0,237.0,245.0,287.0,False,HARD,40.0,True,Ferrari,0 days 01:52:17.427000,2025-08-03 13:57:35.521,1,9.0,False,,False,True
787,0 days 01:55:03.481000,HAM,44,82.836,41.0,1.0,,,0 days 00:00:29.764000,0 days 00:00:29.572000,0 days 00:00:23.500000,0 days 01:54:10.414000,0 days 01:54:39.986000,0 days 01:55:03.486000,279.0,240.0,243.0,288.0,False,HARD,41.0,True,Ferrari,0 days 01:53:40.645000,2025-08-03 13:58:58.739,1,7.0,False,,False,True
788,0 days 01:56:29.477000,HAM,44,85.996,42.0,1.0,,0 days 01:56:27.717000,0 days 00:00:30.029000,0 days 00:00:29.869000,0 days 00:00:26.098000,0 days 01:55:33.515000,0 days 01:56:03.384000,0 days 01:56:29.482000,,237.0,,,False,HARD,42.0,True,Ferrari,0 days 01:55:03.481000,2025-08-03 14:00:21.575,1,9.0,False,,False,False
789,0 days 01:58:11.021000,HAM,44,101.544,43.0,2.0,0 days 01:56:48.847000,,0 days 00:00:48.890000,0 days 00:00:29.819000,0 days 00:00:22.835000,0 days 01:57:18.372000,0 days 01:57:48.191000,0 days 01:58:11.026000,274.0,238.0,249.0,,False,MEDIUM,1.0,True,Ferrari,0 days 01:56:29.477000,2025-08-03 14:01:47.571,1,16.0,False,,False,False
790,0 days 01:59:32.173000,HAM,44,81.152,44.0,2.0,,,0 days 00:00:29.219000,0 days 00:00:29.100000,0 days 00:00:22.833000,0 days 01:58:40.245000,0 days 01:59:09.345000,0 days 01:59:32.178000,281.0,240.0,250.0,289.0,True,MEDIUM,2.0,True,Ferrari,0 days 01:58:11.021000,2025-08-03 14:03:29.115,1,16.0,False,,False,True
791,0 days 02:00:53.035000,HAM,44,80.862,45.0,2.0,,,0 days 00:00:29.016000,0 days 00:00:29.053000,0 days 00:00:22.793000,0 days 02:00:01.194000,0 days 02:00:30.247000,0 days 02:00:53.040000,279.0,240.0,249.0,288.0,True,MEDIUM,3.0,True,Ferrari,0 days 01:59:32.173000,2025-08-03 14:04:50.267,1,16.0,False,,False,True
792,0 days 02:02:14.170000,HAM,44,81.135,46.0,2.0,,,0 days 00:00:29.124000,0 days 00:00:28.884000,0 days 00:00:23.127000,0 days 02:01:22.164000,0 days 02:01:51.048000,0 days 02:02:14.175000,280.0,242.0,255.0,290.0,False,MEDIUM,4.0,True,Ferrari,0 days 02:00:53.035000,2025-08-03 14:06:11.129,1,16.0,False,,False,True
793,0 days 02:03:34.954000,HAM,44,80.784,47.0,2.0,,,0 days 00:00:29.020000,0 days 00:00:28.876000,0 days 00:00:22.888000,0 days 02:02:43.195000,0 days 02:03:12.071000,0 days 02:03:34.959000,,242.0,249.0,311.0,True,MEDIUM,5.0,True,Ferrari,0 days 02:02:14.170000,2025-08-03 14:07:32.264,1,15.0,False,,False,True
794,0 days 02:04:55.807000,HAM,44,80.853,48.0,2.0,,,0 days 00:00:29.224000,0 days 00:00:28.847000,0 days 00:00:22.782000,0 days 02:04:04.183000,0 days 02:04:33.030000,0 days 02:04:55.812000,281.0,244.0,255.0,292.0,False,MEDIUM,6.0,True,Ferrari,0 days 02:03:34.954000,2025-08-03 14:08:53.048,1,15.0,False,,False,True
795,0 days 02:06:16.555000,HAM,44,80.748,49.0,2.0,,,0 days 00:00:28.747000,0 days 00:00:28.920000,0 days 00:00:23.081000,0 days 02:05:24.559000,0 days 02:05:53.479000,0 days 02:06:16.560000,282.0,242.0,253.0,312.0,True,MEDIUM,7.0,True,Ferrari,0 days 02:04:55.807000,2025-08-03 14:10:13.901,1,14.0,False,,False,True
796,0 days 02:07:37.516000,HAM,44,80.961,50.0,2.0,,,0 days 00:00:28.830000,0 days 00:00:28.981000,0 days 00:00:23.150000,0 days 02:06:45.390000,0 days 02:07:14.371000,0 days 02:07:37.521000,281.0,245.0,252.0,310.0,False,MEDIUM,8.0,True,Ferrari,0 days 02:06:16.555000,2025-08-03 14:11:34.649,1,13.0,False,,False,True
797,0 days 02:08:57.717000,HAM,44,80.201,51.0,2.0,,,0 days 00:00:28.847000,0 days 00:00:28.644000,0 days 00:00:22.710000,0 days 02:08:06.368000,0 days 02:08:35.012000,0 days 02:08:57.722000,279.0,244.0,249.0,308.0,True,MEDIUM,9.0,True,Ferrari,0 days 02:07:37.516000,2025-08-03 14:12:55.610,1,12.0,False,,False,True
798,0 days 02:10:17.994000,HAM,44,80.277,52.0,2.0,,,0 days 00:00:29.140000,0 days 00:00:28.564000,0 days 00:00:22.573000,0 days 02:09:26.862000,0 days 02:09:55.426000,0 days 02:10:17.999000,,244.0,250.0,288.0,False,MEDIUM,10.0,True,Ferrari,0 days 02:08:57.717000,2025-08-03 14:14:15.811,1,12.0,False,,False,True
799,0 days 02:11:38.389000,HAM,44,80.395,53.0,2.0,,,0 days 00:00:29.122000,0 days 00:00:28.528000,0 days 00:00:22.745000,0 days 02:10:47.121000,0 days 02:11:15.649000,0 days 02:11:38.394000,280.0,242.0,249.0,289.0,False,MEDIUM,11.0,True,Ferrari,0 days 02:10:17.994000,2025-08-03 14:15:36.088,1,12.0,False,,False,True
800,0 days 02:12:58.556000,HAM,44,80.167,54.0,2.0,,,0 days 00:00:29.140000,0 days 00:00:28.419000,0 days 00:00:22.608000,0 days 02:12:07.534000,0 days 02:12:35.953000,0 days 02:12:58.561000,279.0,244.0,249.0,288.0,True,MEDIUM,12.0,True,Ferrari,0 days 02:11:38.389000,2025-08-03 14:16:56.483,1,12.0,False,,False,True
801,0 days 02:14:18.578000,HAM,44,80.022,55.0,2.0,,,0 days 00:00:28.974000,0 days 00:00:28.428000,0 days 00:00:22.620000,0 days 02:13:27.535000,0 days 02:13:55.963000,0 days 02:14:18.583000,280.0,245.0,249.0,291.0,True,MEDIUM,13.0,True,Ferrari,0 days 02:12:58.556000,2025-08-03 14:18:16.650,1,12.0,False,,False,True
802,0 days 02:15:39.074000,HAM,44,80.496,56.0,2.0,,,0 days 00:00:29.069000,0 days 00:00:28.585000,0 days 00:00:22.842000,0 days 02:14:47.652000,0 days 02:15:16.237000,0 days 02:15:39.079000,281.0,245.0,249.0,290.0,False,MEDIUM,14.0,True,Ferrari,0 days 02:14:18.578000,2025-08-03 14:19:36.672,1,12.0,False,,False,True
803,0 days 02:16:59.543000,HAM,44,80.469,57.0,2.0,,,0 days 00:00:29.252000,0 days 00:00:28.530000,0 days 00:00:22.687000,0 days 02:16:08.331000,0 days 02:16:36.861000,0 days 02:16:59.548000,,244.0,250.0,,False,MEDIUM,15.0,True,Ferrari,0 days 02:15:39.074000,2025-08-03 14:20:57.168,1,12.0,False,,False,True
804,0 days 02:18:19.984000,HAM,44,80.441,58.0,2.0,,,0 days 00:00:29.116000,0 days 00:00:28.481000,0 days 00:00:22.844000,0 days 02:17:28.664000,0 days 02:17:57.145000,0 days 02:18:19.989000,282.0,245.0,248.0,291.0,False,MEDIUM,16.0,True,Ferrari,0 days 02:16:59.543000,2025-08-03 14:22:17.637,1,12.0,False,,False,True
805,0 days 02:19:40.626000,HAM,44,80.642,59.0,2.0,,,0 days 00:00:29.268000,0 days 00:00:28.581000,0 days 00:00:22.793000,0 days 02:18:49.257000,0 days 02:19:17.838000,0 days 02:19:40.631000,283.0,245.0,254.0,292.0,False,MEDIUM,17.0,True,Ferrari,0 days 02:18:19.984000,2025-08-03 14:23:38.078,1,12.0,False,,False,True
806,0 days 02:21:01.550000,HAM,44,80.924,60.0,2.0,,,0 days 00:00:28.893000,0 days 00:00:29.038000,0 days 00:00:22.993000,0 days 02:20:09.524000,0 days 02:20:38.562000,0 days 02:21:01.555000,285.0,244.0,253.0,306.0,False,MEDIUM,18.0,True,Ferrari,0 days 02:19:40.626000,2025-08-03 14:24:58.720,1,12.0,False,,False,True
807,0 days 02:22:22.548000,HAM,44,80.998,61.0,2.0,,,0 days 00:00:29.078000,0 days 00:00:28.990000,0 days 00:00:22.930000,0 days 02:21:30.633000,0 days 02:21:59.623000,0 days 02:22:22.553000,,247.0,255.0,307.0,False,MEDIUM,19.0,True,Ferrari,0 days 02:21:01.550000,2025-08-03 14:26:19.644,1,12.0,False,,False,True
808,0 days 02:23:43.545000,HAM,44,80.997,62.0,2.0,,,0 days 00:00:28.978000,0 days 00:00:28.960000,0 days 00:00:23.059000,0 days 02:22:51.531000,0 days 02:23:20.491000,0 days 02:23:43.550000,,243.0,254.0,,False,MEDIUM,20.0,True,Ferrari,0 days 02:22:22.548000,2025-08-03 14:27:40.642,1,12.0,False,,False,True
809,0 days 02:25:06.743000,HAM,44,83.198,63.0,2.0,,,0 days 00:00:29.075000,0 days 00:00:29.346000,0 days 00:00:24.777000,0 days 02:24:12.625000,0 days 02:24:41.971000,0 days 02:25:06.748000,,245.0,254.0,309.0,False,MEDIUM,21.0,True,Ferrari,0 days 02:23:43.545000,2025-08-03 14:29:01.639,1,12.0,False,,False,True
810,0 days 02:26:28.709000,HAM,44,81.966,64.0,2.0,,,0 days 00:00:29.759000,0 days 00:00:29.242000,0 days 00:00:22.965000,0 days 02:25:36.507000,0 days 02:26:05.749000,0 days 02:26:28.714000,,243.0,255.0,307.0,False,MEDIUM,22.0,True,Ferrari,0 days 02:25:06.743000,2025-08-03 14:30:24.837,1,12.0,False,,False,True
811,0 days 02:27:50.749000,HAM,44,82.04,65.0,2.0,,,0 days 00:00:29.153000,0 days 00:00:29.735000,0 days 00:00:23.152000,0 days 02:26:57.867000,0 days 02:27:27.602000,0 days 02:27:50.754000,,245.0,256.0,308.0,False,MEDIUM,23.0,True,Ferrari,0 days 02:26:28.709000,2025-08-03 14:31:46.803,1,12.0,False,,False,True
812,0 days 02:29:12.319000,HAM,44,81.57,66.0,2.0,,,0 days 00:00:29.147000,0 days 00:00:29.231000,0 days 00:00:23.192000,0 days 02:28:19.901000,0 days 02:28:49.132000,0 days 02:29:12.324000,,245.0,255.0,311.0,False,MEDIUM,24.0,True,Ferrari,0 days 02:27:50.749000,2025-08-03 14:33:08.843,1,12.0,False,,False,True
813,0 days 02:30:33.987000,HAM,44,81.668,67.0,2.0,,,0 days 00:00:29.270000,0 days 00:00:29.245000,0 days 00:00:23.153000,0 days 02:29:41.594000,0 days 02:30:10.839000,0 days 02:30:33.992000,286.0,244.0,254.0,309.0,False,MEDIUM,25.0,True,Ferrari,0 days 02:29:12.319000,2025-08-03 14:34:30.413,1,12.0,False,,False,True
814,0 days 02:31:57.072000,HAM,44,83.085,68.0,2.0,,,0 days 00:00:29.215000,0 days 00:00:30.338000,0 days 00:00:23.532000,0 days 02:31:03.207000,0 days 02:31:33.545000,0 days 02:31:57.077000,289.0,242.0,254.0,306.0,False,MEDIUM,26.0,True,Ferrari,0 days 02:30:33.987000,2025-08-03 14:35:52.081,1,12.0,False,,False,True
815,0 days 02:33:19.324000,HAM,44,82.252,69.0,2.0,,,0 days 00:00:29.176000,0 days 00:00:29.573000,0 days 00:00:23.503000,0 days 02:32:26.253000,0 days 02:32:55.826000,0 days 02:33:19.329000,285.0,242.0,226.0,309.0,False,MEDIUM,27.0,True,Ferrari,0 days 02:31:57.072000,2025-08-03 14:37:15.166,1,12.0,False,,False,True
