,Time,Driver,DriverNumber,LapTime,LapNumber,Stint,PitOutTime,PitInTime,Sector1Time,Sector2Time,Sector3Time,Sector1SessionTime,Sector2SessionTime,Sector3SessionTime,SpeedI1,SpeedI2,SpeedFL,SpeedST,IsPersonalBest,Compound,TyreLife,FreshTyre,Team,LapStartTime,LapStartDate,TrackStatus,Position,Deleted,DeletedReason,FastF1Generated,IsAccurate
0,0 days 00:56:41.873000,RUS,63,,1.0,1.0,,,,0 days 00:00:42.718000,0 days 00:00:29.061000,,0 days 00:56:13.007000,0 days 00:56:42.036000,281.0,258.0,239.0,185.0,False,MEDIUM,1.0,True,Mercedes,0 days 00:54:57.735000,2025-10-05 12:03:32.198,1,1.0,False,,False,False
1,0 days 00:58:21.022000,RUS,63,99.149,2.0,1.0,,,0 days 00:00:29.263000,0 days 00:00:41.666000,0 days 00:00:28.220000,0 days 00:57:11.136000,0 days 00:57:52.802000,0 days 00:58:21.022000,283.0,259.0,244.0,279.0,True,MEDIUM,2.0,True,Mercedes,0 days 00:56:41.873000,2025-10-05 12:05:16.336,1,1.0,False,,False,True
2,0 days 00:59:59.057000,RUS,63,98.035,3.0,1.0,,,0 days 00:00:28.980000,0 days 00:00:41.190000,0 days 00:00:27.865000,0 days 00:58:50.002000,0 days 00:59:31.192000,0 days 00:59:59.057000,284.0,259.0,246.0,278.0,True,MEDIUM,3.0,True,Mercedes,0 days 00:58:21.022000,2025-10-05 12:06:55.485,1,1.0,False,,False,True
3,0 days 01:01:36.627000,RUS,63,97.57,4.0,1.0,,,0 days 00:00:28.833000,0 days 00:00:41.147000,0 days 00:00:27.590000,0 days 01:00:27.890000,0 days 01:01:09.037000,0 days 01:01:36.627000,285.0,259.0,248.0,,True,MEDIUM,4.0,True,Mercedes,0 days 00:59:59.057000,2025-10-05 12:08:33.520,1,1.0,False,,False,True
4,0 days 01:03:13.811000,RUS,63,97.184,5.0,1.0,,,0 days 00:00:28.639000,0 days 00:00:40.996000,0 days 00:00:27.549000,0 days 01:02:05.266000,0 days 01:02:46.262000,0 days 01:03:13.811000,284.0,259.0,248.0,281.0,True,MEDIUM,5.0,True,Mercedes,0 days 01:01:36.627000,2025-10-05 12:10:11.090,1,1.0,False,,False,True
5,0 days 01:04:50.665000,RUS,63,96.854,6.0,1.0,,,0 days 00:00:28.614000,0 days 00:00:40.866000,0 days 00:00:27.374000,0 days 01:03:42.425000,0 days 01:04:23.291000,0 days 01:04:50.665000,286.0,260.0,249.0,280.0,True,MEDIUM,6.0,True,Mercedes,0 days 01:03:13.811000,2025-10-05 12:11:48.274,1,1.0,False,,False,True
6,0 days 01:06:27.433000,RUS,63,96.768,7.0,1.0,,,0 days 00:00:28.599000,0 days 00:00:40.750000,0 days 00:00:27.419000,0 days 01:05:19.264000,0 days 01:06:00.014000,0 days 01:06:27.433000,287.0,260.0,249.0,281.0,True,MEDIUM,7.0,True,Mercedes,0 days 01:04:50.665000,2025-10-05 12:13:25.128,12,1.0,False,,False,True
7,0 days 01:08:04.088000,RUS,63,96.655,8.0,1.0,,,0 days 00:00:28.581000,0 days 00:00:40.764000,0 days 00:00:27.310000,0 days 01:06:56.014000,0 days 01:07:36.778000,0 days 01:08:04.088000,286.0,259.0,249.0,282.0,True,MEDIUM,8.0,True,Mercedes,0 days 01:06:27.433000,2025-10-05 12:15:01.896,1,1.0,False,,False,True
8,0 days 01:09:40.814000,RUS,63,96.726,9.0,1.0,,,0 days 00:00:28.598000,0 days 00:00:40.836000,0 days 00:00:27.292000,0 days 01:08:32.686000,0 days 01:09:13.522000,0 days 01:09:40.814000,,260.0,251.0,281.0,False,MEDIUM,9.0,True,Mercedes,0 days 01:08:04.088000,2025-10-05 12:16:38.551,1,1.0,False,,False,True
9,0 days 01:11:17.479000,RUS,63,96.665,10.0,1.0,,,0 days 00:00:28.559000,0 days 00:00:40.825000,0 days 00:00:27.281000,0 days 01:10:09.373000,0 days 01:10:50.198000,0 days 01:11:17.479000,,260.0,250.0,283.0,False,MEDIUM,10.0,True,Mercedes,0 days 01:09:40.814000,2025-10-05 12:18:15.277,1,1.0,False,,False,True
10,0 days 01:12:54.191000,RUS,63,96.712,11.0,1.0,,,0 days 00:00:28.588000,0 days 00:00:40.885000,0 days 00:00:27.239000,0 days 01:11:46.067000,0 days 01:12:26.952000,0 days 01:12:54.191000,287.0,260.0,250.0,,False,MEDIUM,11.0,True,Mercedes,0 days 01:11:17.479000,2025-10-05 12:19:51.942,1,1.0,False,,False,True
11,0 days 01:14:30.676000,RUS,63,96.485,12.0,1.0,,,0 days 00:00:28.558000,0 days 00:00:40.696000,0 days 00:00:27.231000,0 days 01:13:22.749000,0 days 01:14:03.445000,0 days 01:14:30.676000,288.0,261.0,250.0,282.0,True,MEDIUM,12.0,True,Mercedes,0 days 01:12:54.191000,2025-10-05 12:21:28.654,1,1.0,False,,False,True
12,0 days 01:16:07.306000,RUS,63,96.63,13.0,1.0,,,0 days 00:00:28.650000,0 days 00:00:40.759000,0 days 00:00:27.221000,0 days 01:14:59.326000,0 days 01:15:40.085000,0 days 01:16:07.306000,287.0,260.0,249.0,283.0,False,MEDIUM,13.0,True,Mercedes,0 days 01:14:30.676000,2025-10-05 12:23:05.139,1,1.0,False,,False,True
13,0 days 01:17:44.128000,RUS,63,96.822,14.0,1.0,,,0 days 00:00:28.696000,0 days 00:00:40.857000,0 days 00:00:27.269000,0 days 01:16:36.002000,0 days 01:17:16.859000,0 days 01:17:44.128000,,261.0,250.0,282.0,False,MEDIUM,14.0,True,Mercedes,0 days 01:16:07.306000,2025-10-05 12:24:41.769,1,1.0,False,,False,True
14,0 days 01:19:21.280000,RUS,63,97.152,15.0,1.0,,,0 days 00:00:28.705000,0 days 00:00:41.032000,0 days 00:00:27.415000,0 days 01:18:12.833000,0 days 01:18:53.865000,0 days 01:19:21.280000,288.0,261.0,250.0,283.0,False,MEDIUM,15.0,True,Mercedes,0 days 01:17:44.128000,2025-10-05 12:26:18.591,1,1.0,False,,False,True
15,0 days 01:20:58.183000,RUS,63,96.903,16.0,1.0,,,0 days 00:00:28.690000,0 days 00:00:40.984000,0 days 00:00:27.229000,0 days 01:19:49.970000,0 days 01:20:30.954000,0 days 01:20:58.183000,,261.0,251.0,282.0,False,MEDIUM,16.0,True,Mercedes,0 days 01:19:21.280000,2025-10-05 12:27:55.743,1,1.0,False,,False,True
16,0 days 01:22:35.156000,RUS,63,96.973,17.0,1.0,,,0 days 00:00:28.818000,0 days 00:00:40.846000,0 days 00:00:27.309000,0 days 01:21:27.001000,0 days 01:22:07.847000,0 days 01:22:35.156000,289.0,261.0,251.0,283.0,False,MEDIUM,17.0,True,Mercedes,0 days 01:20:58.183000,2025-10-05 12:29:32.646,1,1.0,False,,False,True
17,0 days 01:24:12.195000,RUS,63,97.039,18.0,1.0,,,0 days 00:00:28.773000,0 days 00:00:41.001000,0 days 00:00:27.265000,0 days 01:23:03.929000,0 days 01:23:44.930000,0 days 01:24:12.195000,,262.0,250.0,,False,MEDIUM,18.0,True,Mercedes,0 days 01:22:35.156000,2025-10-05 12:31:09.619,1,1.0,False,,False,True
18,0 days 01:25:49.111000,RUS,63,96.916,19.0,1.0,,,0 days 00:00:28.777000,0 days 00:00:40.873000,0 days 00:00:27.266000,0 days 01:24:40.972000,0 days 01:25:21.845000,0 days 01:25:49.111000,288.0,261.0,250.0,284.0,False,MEDIUM,19.0,True,Mercedes,0 days 01:24:12.195000,2025-10-05 12:32:46.658,1,1.0,False,,False,True
19,0 days 01:27:26.370000,RUS,63,97.259,20.0,1.0,,,0 days 00:00:28.742000,0 days 00:00:41.168000,0 days 00:00:27.349000,0 days 01:26:17.853000,0 days 01:26:59.021000,0 days 01:27:26.370000,290.0,263.0,250.0,283.0,False,MEDIUM,20.0,True,Mercedes,0 days 01:25:49.111000,2025-10-05 12:34:23.574,1,1.0,False,,False,True
20,0 days 01:29:03.479000,RUS,63,97.109,21.0,1.0,,,0 days 00:00:28.851000,0 days 00:00:40.950000,0 days 00:00:27.308000,0 days 01:27:55.221000,0 days 01:28:36.171000,0 days 01:29:03.479000,,263.0,250.0,286.0,False,MEDIUM,21.0,True,Mercedes,0 days 01:27:26.370000,2025-10-05 12:36:00.833,1,1.0,False,,False,True
21,0 days 01:30:40.705000,RUS,63,97.226,22.0,1.0,,,0 days 00:00:28.814000,0 days 00:00:41.135000,0 days 00:00:27.277000,0 days 01:29:32.293000,0 days 01:30:13.428000,0 days 01:30:40.705000,291.0,263.0,251.0,,False,MEDIUM,22.0,True,Mercedes,0 days 01:29:03.479000,2025-10-05 12:37:37.942,1,1.0,False,,False,True
22,0 days 01:32:17.863000,RUS,63,97.158,23.0,1.0,,,0 days 00:00:28.703000,0 days 00:00:41.074000,0 days 00:00:27.381000,0 days 01:31:09.408000,0 days 01:31:50.482000,0 days 01:32:17.863000,292.0,263.0,250.0,,False,MEDIUM,23.0,True,Mercedes,0 days 01:30:40.705000,2025-10-05 12:39:15.168,1,1.0,False,,False,True
23,0 days 01:33:55.062000,RUS,63,97.199,24.0,1.0,,,0 days 00:00:28.710000,0 days 00:00:41.188000,0 days 00:00:27.301000,0 days 01:32:46.573000,0 days 01:33:27.761000,0 days 01:33:55.062000,290.0,263.0,252.0,285.0,False,MEDIUM,24.0,True,Mercedes,0 days 01:32:17.863000,2025-10-05 12:40:52.326,1,1.0,False,,False,True
24,0 days 01:35:38.240000,RUS,63,103.178,25.0,1.0,,0 days 01:35:32.507000,0 days 00:00:28.747000,0 days 00:00:41.237000,0 days 00:00:33.194000,0 days 01:34:23.809000,0 days 01:35:05.046000,0 days 01:35:38.240000,,263.0,,,False,MEDIUM,25.0,True,Mercedes,0 days 01:33:55.062000,2025-10-05 12:42:29.525,1,1.0,False,,False,False
25,0 days 01:37:31.338000,RUS,63,113.098,26.0,2.0,0 days 01:35:56.501000,,0 days 00:00:45.791000,0 days 00:00:40.340000,0 days 00:00:26.967000,0 days 01:36:24.031000,0 days 01:37:04.371000,0 days 01:37:31.338000,288.0,260.0,251.0,,False,HARD,1.0,True,Mercedes,0 days 01:35:38.240000,2025-10-05 12:44:12.703,1,3.0,False,,False,False
26,0 days 01:39:07.014000,RUS,63,95.676,27.0,2.0,,,0 days 00:00:28.439000,0 days 00:00:40.312000,0 days 00:00:26.925000,0 days 01:37:59.777000,0 days 01:38:40.089000,0 days 01:39:07.014000,291.0,263.0,251.0,285.0,True,HARD,2.0,True,Mercedes,0 days 01:37:31.338000,2025-10-05 12:46:05.801,1,2.0,False,,False,True
27,0 days 01:40:42.857000,RUS,63,95.843,28.0,2.0,,,0 days 00:00:28.400000,0 days 00:00:40.457000,0 days 00:00:26.986000,0 days 01:39:35.414000,0 days 01:40:15.871000,0 days 01:40:42.857000,290.0,263.0,252.0,286.0,False,HARD,3.0,True,Mercedes,0 days 01:39:07.014000,2025-10-05 12:47:41.477,1,1.0,False,,False,True
28,0 days 01:42:18.652000,RUS,63,95.795,29.0,2.0,,,0 days 00:00:28.411000,0 days 00:00:40.340000,0 days 00:00:27.044000,0 days 01:41:11.268000,0 days 01:41:51.608000,0 days 01:42:18.652000,291.0,262.0,252.0,285.0,False,HARD,4.0,True,Mercedes,0 days 01:40:42.857000,2025-10-05 12:49:17.320,1,1.0,False,,False,True
29,0 days 01:43:54.679000,RUS,63,96.027,30.0,2.0,,,0 days 00:00:28.421000,0 days 00:00:40.576000,0 days 00:00:27.030000,0 days 01:42:47.073000,0 days 01:43:27.649000,0 days 01:43:54.679000,290.0,262.0,251.0,,False,HARD,5.0,True,Mercedes,0 days 01:42:18.652000,2025-10-05 12:50:53.115,1,1.0,False,,False,True
30,0 days 01:45:30.591000,RUS,63,95.912,31.0,2.0,,,0 days 00:00:28.441000,0 days 00:00:40.474000,0 days 00:00:26.997000,0 days 01:44:23.120000,0 days 01:45:03.594000,0 days 01:45:30.591000,291.0,262.0,251.0,,False,HARD,6.0,True,Mercedes,0 days 01:43:54.679000,2025-10-05 12:52:29.142,1,1.0,False,,False,True
31,0 days 01:47:06.427000,RUS,63,95.836,32.0,2.0,,,0 days 00:00:28.461000,0 days 00:00:40.415000,0 days 00:00:26.960000,0 days 01:45:59.052000,0 days 01:46:39.467000,0 days 01:47:06.427000,290.0,261.0,252.0,,False,HARD,7.0,True,Mercedes,0 days 01:45:30.591000,2025-10-05 12:54:05.054,1,1.0,False,,False,True
32,0 days 01:48:42.550000,RUS,63,96.123,33.0,2.0,,,0 days 00:00:28.502000,0 days 00:00:40.556000,0 days 00:00:27.065000,0 days 01:47:34.929000,0 days 01:48:15.485000,0 days 01:48:42.550000,291.0,262.0,252.0,284.0,False,HARD,8.0,True,Mercedes,0 days 01:47:06.427000,2025-10-05 12:55:40.890,1,1.0,False,,False,True
33,0 days 01:50:18.454000,RUS,63,95.904,34.0,2.0,,,0 days 00:00:28.509000,0 days 00:00:40.415000,0 days 00:00:26.980000,0 days 01:49:11.059000,0 days 01:49:51.474000,0 days 01:50:18.454000,290.0,262.0,252.0,,False,HARD,9.0,True,Mercedes,0 days 01:48:42.550000,2025-10-05 12:57:17.013,1,1.0,False,,False,True
34,0 days 01:51:54.333000,RUS,63,95.879,35.0,2.0,,,0 days 00:00:28.411000,0 days 00:00:40.471000,0 days 00:00:26.997000,0 days 01:50:46.865000,0 days 01:51:27.336000,0 days 01:51:54.333000,,262.0,252.0,285.0,False,HARD,10.0,True,Mercedes,0 days 01:50:18.454000,2025-10-05 12:58:52.917,1,1.0,False,,False,True
35,0 days 01:53:30.243000,RUS,63,95.91,36.0,2.0,,,0 days 00:00:28.433000,0 days 00:00:40.470000,0 days 00:00:27.007000,0 days 01:52:22.766000,0 days 01:53:03.236000,0 days 01:53:30.243000,292.0,263.0,252.0,,False,HARD,11.0,True,Mercedes,0 days 01:51:54.333000,2025-10-05 13:00:28.796,1,1.0,False,,False,True
36,0 days 01:55:06.362000,RUS,63,96.119,37.0,2.0,,,0 days 00:00:28.493000,0 days 00:00:40.661000,0 days 00:00:26.965000,0 days 01:53:58.736000,0 days 01:54:39.397000,0 days 01:55:06.362000,293.0,264.0,252.0,286.0,False,HARD,12.0,True,Mercedes,0 days 01:53:30.243000,2025-10-05 13:02:04.706,1,1.0,False,,False,True
37,0 days 01:56:42.551000,RUS,63,96.189,38.0,2.0,,,0 days 00:00:28.462000,0 days 00:00:40.715000,0 days 00:00:27.012000,0 days 01:55:34.824000,0 days 01:56:15.539000,0 days 01:56:42.551000,,264.0,252.0,288.0,False,HARD,13.0,True,Mercedes,0 days 01:55:06.362000,2025-10-05 13:03:40.825,1,1.0,False,,False,True
38,0 days 01:58:18.799000,RUS,63,96.248,39.0,2.0,,,0 days 00:00:28.453000,0 days 00:00:40.708000,0 days 00:00:27.087000,0 days 01:57:11.004000,0 days 01:57:51.712000,0 days 01:58:18.799000,292.0,264.0,253.0,286.0,False,HARD,14.0,True,Mercedes,0 days 01:56:42.551000,2025-10-05 13:05:17.014,1,1.0,False,,False,True
39,0 days 01:59:55.156000,RUS,63,96.357,40.0,2.0,,,0 days 00:00:28.521000,0 days 00:00:40.744000,0 days 00:00:27.092000,0 days 01:58:47.320000,0 days 01:59:28.064000,0 days 01:59:55.156000,295.0,266.0,254.0,,False,HARD,15.0,True,Mercedes,0 days 01:58:18.799000,2025-10-05 13:06:53.262,1,1.0,False,,False,True
40,0 days 02:01:31.284000,RUS,63,96.128,41.0,2.0,,,0 days 00:00:28.470000,0 days 00:00:40.689000,0 days 00:00:26.969000,0 days 02:00:23.626000,0 days 02:01:04.315000,0 days 02:01:31.284000,298.0,269.0,254.0,290.0,False,HARD,16.0,True,Mercedes,0 days 01:59:55.156000,2025-10-05 13:08:29.619,1,1.0,False,,False,True
41,0 days 02:03:08.284000,RUS,63,97.0,42.0,2.0,,,0 days 00:00:28.553000,0 days 00:00:41.299000,0 days 00:00:27.148000,0 days 02:01:59.837000,0 days 02:02:41.136000,0 days 02:03:08.284000,293.0,264.0,253.0,288.0,False,HARD,17.0,True,Mercedes,0 days 02:01:31.284000,2025-10-05 13:10:05.747,1,1.0,False,,False,True
42,0 days 02:04:45.349000,RUS,63,97.065,43.0,2.0,,,0 days 00:00:28.590000,0 days 00:00:41.080000,0 days 00:00:27.395000,0 days 02:03:36.874000,0 days 02:04:17.954000,0 days 02:04:45.349000,,265.0,253.0,286.0,False,HARD,18.0,True,Mercedes,0 days 02:03:08.284000,2025-10-05 13:11:42.747,1,1.0,False,,False,True
43,0 days 02:06:23.239000,RUS,63,97.89,44.0,2.0,,,0 days 00:00:28.735000,0 days 00:00:41.507000,0 days 00:00:27.648000,0 days 02:05:14.084000,0 days 02:05:55.591000,0 days 02:06:23.239000,296.0,255.0,253.0,288.0,False,HARD,19.0,True,Mercedes,0 days 02:04:45.349000,2025-10-05 13:13:19.812,1,1.0,False,,False,True
44,0 days 02:08:00.640000,RUS,63,97.401,45.0,2.0,,,0 days 00:00:28.624000,0 days 00:00:41.589000,0 days 00:00:27.188000,0 days 02:06:51.863000,0 days 02:07:33.452000,0 days 02:08:00.640000,286.0,273.0,253.0,290.0,False,HARD,20.0,True,Mercedes,0 days 02:06:23.239000,2025-10-05 13:14:57.702,12,1.0,False,,False,True
45,0 days 02:09:37.666000,RUS,63,97.026,46.0,2.0,,,0 days 00:00:28.617000,0 days 00:00:41.353000,0 days 00:00:27.056000,0 days 02:08:29.257000,0 days 02:09:10.610000,0 days 02:09:37.666000,299.0,267.0,254.0,286.0,False,HARD,21.0,True,Mercedes,0 days 02:08:00.640000,2025-10-05 13:16:35.103,1,1.0,False,,False,True
46,0 days 02:11:14.427000,RUS,63,96.761,47.0,2.0,,,0 days 00:00:28.601000,0 days 00:00:41.012000,0 days 00:00:27.148000,0 days 02:10:06.267000,0 days 02:10:47.279000,0 days 02:11:14.427000,289.0,262.0,254.0,291.0,False,HARD,22.0,True,Mercedes,0 days 02:09:37.666000,2025-10-05 13:18:12.129,1,1.0,False,,False,True
47,0 days 02:12:50.610000,RUS,63,96.183,48.0,2.0,,,0 days 00:00:28.519000,0 days 00:00:40.635000,0 days 00:00:27.029000,0 days 02:11:42.946000,0 days 02:12:23.581000,0 days 02:12:50.610000,294.0,266.0,253.0,289.0,False,HARD,23.0,True,Mercedes,0 days 02:11:14.427000,2025-10-05 13:19:48.890,1,1.0,False,,False,True
48,0 days 02:14:26.687000,RUS,63,96.077,49.0,2.0,,,0 days 00:00:28.493000,0 days 00:00:40.656000,0 days 00:00:26.928000,0 days 02:13:19.103000,0 days 02:13:59.759000,0 days 02:14:26.687000,295.0,267.0,255.0,287.0,False,HARD,24.0,True,Mercedes,0 days 02:12:50.610000,2025-10-05 13:21:25.073,1,1.0,False,,False,True
49,0 days 02:16:02.910000,RUS,63,96.223,50.0,2.0,,,0 days 00:00:28.464000,0 days 00:00:40.649000,0 days 00:00:27.110000,0 days 02:14:55.151000,0 days 02:15:35.800000,0 days 02:16:02.910000,297.0,267.0,254.0,289.0,False,HARD,25.0,True,Mercedes,0 days 02:14:26.687000,2025-10-05 13:23:01.150,1,1.0,False,,False,True
50,0 days 02:17:40.227000,RUS,63,97.317,51.0,2.0,,,0 days 00:00:28.559000,0 days 00:00:41.158000,0 days 00:00:27.600000,0 days 02:16:31.469000,0 days 02:17:12.627000,0 days 02:17:40.227000,301.0,268.0,254.0,290.0,False,HARD,26.0,True,Mercedes,0 days 02:16:02.910000,2025-10-05 13:24:37.373,1,1.0,False,,False,True
51,0 days 02:19:17.615000,RUS,63,97.388,52.0,2.0,,,0 days 00:00:28.764000,0 days 00:00:41.595000,0 days 00:00:27.029000,0 days 02:18:08.991000,0 days 02:18:50.586000,0 days 02:19:17.615000,297.0,267.0,254.0,292.0,False,HARD,27.0,True,Mercedes,0 days 02:17:40.227000,2025-10-05 13:26:14.690,1,1.0,False,,False,True
52,0 days 02:20:53.876000,RUS,63,96.261,53.0,2.0,,,0 days 00:00:28.516000,0 days 00:00:40.779000,0 days 00:00:26.966000,0 days 02:19:46.131000,0 days 02:20:26.910000,0 days 02:20:53.876000,295.0,267.0,255.0,288.0,False,HARD,28.0,True,Mercedes,0 days 02:19:17.615000,2025-10-05 13:27:52.078,1,1.0,False,,False,True
53,0 days 02:22:30.130000,RUS,63,96.254,54.0,2.0,,,0 days 00:00:28.469000,0 days 00:00:40.806000,0 days 00:00:26.979000,0 days 02:21:22.345000,0 days 02:22:03.151000,0 days 02:22:30.130000,294.0,266.0,255.0,289.0,False,HARD,29.0,True,Mercedes,0 days 02:20:53.876000,2025-10-05 13:29:28.339,1,1.0,False,,False,True
54,0 days 02:24:06.283000,RUS,63,96.153,55.0,2.0,,,0 days 00:00:28.398000,0 days 00:00:40.824000,0 days 00:00:26.931000,0 days 02:22:58.528000,0 days 02:23:39.352000,0 days 02:24:06.283000,,267.0,256.0,,False,HARD,30.0,True,Mercedes,0 days 02:22:30.130000,2025-10-05 13:31:04.593,1,1.0,False,,False,True
55,0 days 02:25:42.616000,RUS,63,96.333,56.0,2.0,,,0 days 00:00:28.509000,0 days 00:00:40.845000,0 days 00:00:26.979000,0 days 02:24:34.792000,0 days 02:25:15.637000,0 days 02:25:42.616000,295.0,267.0,255.0,,False,HARD,31.0,True,Mercedes,0 days 02:24:06.283000,2025-10-05 13:32:40.746,1,1.0,False,,False,True
56,0 days 02:27:18.749000,RUS,63,96.133,57.0,2.0,,,0 days 00:00:28.460000,0 days 00:00:40.823000,0 days 00:00:26.850000,0 days 02:26:11.076000,0 days 02:26:51.899000,0 days 02:27:18.749000,,266.0,256.0,,False,HARD,32.0,True,Mercedes,0 days 02:25:42.616000,2025-10-05 13:34:17.079,1,1.0,False,,False,True
57,0 days 02:28:54.837000,RUS,63,96.088,58.0,2.0,,,0 days 00:00:28.436000,0 days 00:00:40.711000,0 days 00:00:26.941000,0 days 02:27:47.185000,0 days 02:28:27.896000,0 days 02:28:54.837000,296.0,267.0,256.0,,False,HARD,33.0,True,Mercedes,0 days 02:27:18.749000,2025-10-05 13:35:53.212,1,1.0,False,,False,True
58,0 days 02:30:31.242000,RUS,63,96.405,59.0,2.0,,,0 days 00:00:28.511000,0 days 00:00:40.903000,0 days 00:00:26.991000,0 days 02:29:23.348000,0 days 02:30:04.251000,0 days 02:30:31.242000,295.0,266.0,254.0,291.0,False,HARD,34.0,True,Mercedes,0 days 02:28:54.837000,2025-10-05 13:37:29.300,1,1.0,False,,False,True
59,0 days 02:32:07.623000,RUS,63,96.381,60.0,2.0,,,0 days 00:00:28.536000,0 days 00:00:40.846000,0 days 00:00:26.999000,0 days 02:30:59.778000,0 days 02:31:40.624000,0 days 02:32:07.623000,296.0,267.0,255.0,289.0,False,HARD,35.0,True,Mercedes,0 days 02:30:31.242000,2025-10-05 13:39:05.705,1,1.0,False,,False,True
60,0 days 02:33:43.880000,RUS,63,96.257,61.0,2.0,,,0 days 00:00:28.465000,0 days 00:00:40.817000,0 days 00:00:26.975000,0 days 02:32:36.088000,0 days 02:33:16.905000,0 days 02:33:43.880000,,268.0,256.0,291.0,False,HARD,36.0,True,Mercedes,0 days 02:32:07.623000,2025-10-05 13:40:42.086,1,1.0,False,,False,True
61,0 days 02:35:20.335000,RUS,63,96.455,62.0,2.0,,,0 days 00:00:28.421000,0 days 00:00:40.964000,0 days 00:00:27.070000,0 days 02:34:12.301000,0 days 02:34:53.265000,0 days 02:35:20.335000,299.0,268.0,247.0,292.0,False,HARD,37.0,True,Mercedes,0 days 02:33:43.880000,2025-10-05 13:42:18.343,1,1.0,False,,False,True
62,0 days 00:56:42.855000,VER,1,,1.0,1.0,,,,0 days 00:00:43.146000,0 days 00:00:28.617000,,0 days 00:56:14.382000,0 days 00:56:42.993000,287.0,261.0,242.0,190.0,False,SOFT,4.0,False,Red Bull Racing,0 days 00:54:57.735000,2025-10-05 12:03:32.198,1,2.0,False,,False,False
63,0 days 00:58:22.553000,VER,1,99.698,2.0,1.0,,,0 days 00:00:29.393000,0 days 00:00:42.236000,0 days 00:00:28.069000,0 days 00:57:12.276000,0 days 00:57:54.512000,0 days 00:58:22.581000,283.0,258.0,245.0,276.0,True,SOFT,5.0,False,Red Bull Racing,0 days 00:56:42.855000,2025-10-05 12:05:17.318,1,2.0,False,,False,True
64,0 days 01:00:01.034000,VER,1,98.481,3.0,1.0,,,0 days 00:00:29.058000,0 days 00:00:41.689000,0 days 00:00:27.734000,0 days 00:58:51.639000,0 days 00:59:33.328000,0 days 01:00:01.062000,,256.0,247.0,,True,SOFT,6.0,False,Red Bull Racing,0 days 00:58:22.553000,2025-10-05 12:06:57.016,1,2.0,False,,False,True
65,0 days 01:01:39.111000,VER,1,98.077,4.0,1.0,,,0 days 00:00:28.950000,0 days 00:00:41.465000,0 days 00:00:27.662000,0 days 01:00:30.012000,0 days 01:01:11.477000,0 days 01:01:39.139000,282.0,256.0,245.0,277.0,True,SOFT,7.0,False,Red Bull Racing,0 days 01:00:01.034000,2025-10-05 12:08:35.497,1,2.0,False,,False,True
66,0 days 01:03:16.615000,VER,1,97.504,5.0,1.0,,,0 days 00:00:28.808000,0 days 00:00:41.160000,0 days 00:00:27.536000,0 days 01:02:07.947000,0 days 01:02:49.107000,0 days 01:03:16.643000,,255.0,247.0,276.0,True,SOFT,8.0,False,Red Bull Racing,0 days 01:01:39.111000,2025-10-05 12:10:13.574,1,2.0,False,,False,True
67,0 days 01:04:53.941000,VER,1,97.326,6.0,1.0,,,0 days 00:00:28.832000,0 days 00:00:41.096000,0 days 00:00:27.398000,0 days 01:03:45.475000,0 days 01:04:26.571000,0 days 01:04:53.969000,,255.0,248.0,277.0,True,SOFT,9.0,False,Red Bull Racing,0 days 01:03:16.615000,2025-10-05 12:11:51.078,1,2.0,False,,False,True
68,0 days 01:06:31.090000,VER,1,97.149,7.0,1.0,,,0 days 00:00:28.813000,0 days 00:00:41.016000,0 days 00:00:27.320000,0 days 01:05:22.782000,0 days 01:06:03.798000,0 days 01:06:31.118000,285.0,255.0,248.0,278.0,True,SOFT,10.0,False,Red Bull Racing,0 days 01:04:53.941000,2025-10-05 12:13:28.404,12,2.0,False,,False,True
69,0 days 01:08:08.226000,VER,1,97.136,8.0,1.0,,,0 days 00:00:28.775000,0 days 00:00:41.065000,0 days 00:00:27.296000,0 days 01:06:59.893000,0 days 01:07:40.958000,0 days 01:08:08.254000,283.0,253.0,248.0,,True,SOFT,11.0,False,Red Bull Racing,0 days 01:06:31.090000,2025-10-05 12:15:05.553,1,2.0,False,,False,True
70,0 days 01:09:45.391000,VER,1,97.165,9.0,1.0,,,0 days 00:00:28.797000,0 days 00:00:41.139000,0 days 00:00:27.229000,0 days 01:08:37.051000,0 days 01:09:18.190000,0 days 01:09:45.419000,,255.0,248.0,279.0,False,SOFT,12.0,False,Red Bull Racing,0 days 01:08:08.226000,2025-10-05 12:16:42.689,1,2.0,False,,False,True
71,0 days 01:11:22.630000,VER,1,97.239,10.0,1.0,,,0 days 00:00:28.773000,0 days 00:00:41.171000,0 days 00:00:27.295000,0 days 01:10:14.192000,0 days 01:10:55.363000,0 days 01:11:22.658000,284.0,255.0,249.0,,False,SOFT,13.0,False,Red Bull Racing,0 days 01:09:45.391000,2025-10-05 12:18:19.854,1,2.0,False,,False,True
72,0 days 01:12:59.853000,VER,1,97.223,11.0,1.0,,,0 days 00:00:28.844000,0 days 00:00:41.163000,0 days 00:00:27.216000,0 days 01:11:51.502000,0 days 01:12:32.665000,0 days 01:12:59.881000,283.0,257.0,248.0,278.0,False,SOFT,14.0,False,Red Bull Racing,0 days 01:11:22.630000,2025-10-05 12:19:57.093,1,2.0,False,,False,True
73,0 days 01:14:37.040000,VER,1,97.187,12.0,1.0,,,0 days 00:00:28.799000,0 days 00:00:41.099000,0 days 00:00:27.289000,0 days 01:13:28.680000,0 days 01:14:09.779000,0 days 01:14:37.068000,284.0,258.0,247.0,280.0,False,SOFT,15.0,False,Red Bull Racing,0 days 01:12:59.853000,2025-10-05 12:21:34.316,1,2.0,False,,False,True
74,0 days 01:16:14.372000,VER,1,97.332,13.0,1.0,,,0 days 00:00:28.839000,0 days 00:00:41.213000,0 days 00:00:27.280000,0 days 01:15:05.907000,0 days 01:15:47.120000,0 days 01:16:14.400000,285.0,259.0,247.0,282.0,False,SOFT,16.0,False,Red Bull Racing,0 days 01:14:37.040000,2025-10-05 12:23:11.503,1,2.0,False,,False,True
75,0 days 01:17:51.844000,VER,1,97.472,14.0,1.0,,,0 days 00:00:28.899000,0 days 00:00:41.280000,0 days 00:00:27.293000,0 days 01:16:43.299000,0 days 01:17:24.579000,0 days 01:17:51.872000,284.0,257.0,248.0,280.0,False,SOFT,17.0,False,Red Bull Racing,0 days 01:16:14.372000,2025-10-05 12:24:48.835,1,2.0,False,,False,True
76,0 days 01:19:29.136000,VER,1,97.292,15.0,1.0,,,0 days 00:00:28.859000,0 days 00:00:41.163000,0 days 00:00:27.270000,0 days 01:18:20.731000,0 days 01:19:01.894000,0 days 01:19:29.164000,285.0,260.0,248.0,281.0,False,SOFT,18.0,False,Red Bull Racing,0 days 01:17:51.844000,2025-10-05 12:26:26.307,1,2.0,False,,False,True
77,0 days 01:21:06.454000,VER,1,97.318,16.0,1.0,,,0 days 00:00:28.851000,0 days 00:00:41.136000,0 days 00:00:27.331000,0 days 01:19:58.015000,0 days 01:20:39.151000,0 days 01:21:06.482000,284.0,258.0,249.0,,False,SOFT,19.0,False,Red Bull Racing,0 days 01:19:29.136000,2025-10-05 12:28:03.599,1,2.0,False,,False,True
78,0 days 01:22:43.685000,VER,1,97.231,17.0,1.0,,,0 days 00:00:28.806000,0 days 00:00:41.157000,0 days 00:00:27.268000,0 days 01:21:35.288000,0 days 01:22:16.445000,0 days 01:22:43.713000,285.0,259.0,248.0,,False,SOFT,20.0,False,Red Bull Racing,0 days 01:21:06.454000,2025-10-05 12:29:40.917,1,2.0,False,,False,True
79,0 days 01:24:21.134000,VER,1,97.449,18.0,1.0,,,0 days 00:00:28.853000,0 days 00:00:41.261000,0 days 00:00:27.335000,0 days 01:23:12.566000,0 days 01:23:53.827000,0 days 01:24:21.162000,,259.0,247.0,,False,SOFT,21.0,False,Red Bull Racing,0 days 01:22:43.685000,2025-10-05 12:31:18.148,1,2.0,False,,False,True
80,0 days 01:26:04.421000,VER,1,103.287,19.0,1.0,,0 days 01:25:58.620000,0 days 00:00:28.933000,0 days 00:00:41.202000,0 days 00:00:33.152000,0 days 01:24:50.095000,0 days 01:25:31.297000,0 days 01:26:04.449000,284.0,260.0,,280.0,False,SOFT,22.0,False,Red Bull Racing,0 days 01:24:21.134000,2025-10-05 12:32:55.597,1,4.0,False,,False,False
81,0 days 01:27:57.457000,VER,1,113.036,20.0,2.0,0 days 01:26:22.690000,,0 days 00:00:45.627000,0 days 00:00:40.421000,0 days 00:00:26.988000,0 days 01:26:50.076000,0 days 01:27:30.497000,0 days 01:27:57.485000,284.0,260.0,249.0,,False,HARD,1.0,True,Red Bull Racing,0 days 01:26:04.421000,2025-10-05 12:34:38.884,1,7.0,False,,False,False
82,0 days 01:29:34.243000,VER,1,96.786,21.0,2.0,,,0 days 00:00:28.690000,0 days 00:00:40.587000,0 days 00:00:27.509000,0 days 01:28:26.175000,0 days 01:29:06.762000,0 days 01:29:34.271000,,259.0,249.0,279.0,True,HARD,2.0,True,Red Bull Racing,0 days 01:27:57.457000,2025-10-05 12:36:31.920,1,7.0,False,,False,True
83,0 days 01:31:10.573000,VER,1,96.33,22.0,2.0,,,0 days 00:00:28.621000,0 days 00:00:40.528000,0 days 00:00:27.181000,0 days 01:30:02.892000,0 days 01:30:43.420000,0 days 01:31:10.601000,286.0,259.0,249.0,280.0,True,HARD,3.0,True,Red Bull Racing,0 days 01:29:34.243000,2025-10-05 12:38:08.706,1,6.0,False,,False,True
84,0 days 01:32:46.657000,VER,1,96.084,23.0,2.0,,,0 days 00:00:28.536000,0 days 00:00:40.447000,0 days 00:00:27.101000,0 days 01:31:39.137000,0 days 01:32:19.584000,0 days 01:32:46.685000,287.0,260.0,250.0,,True,HARD,4.0,True,Red Bull Racing,0 days 01:31:10.573000,2025-10-05 12:39:45.036,1,6.0,False,,False,True
85,0 days 01:34:23.016000,VER,1,96.359,24.0,2.0,,,0 days 00:00:28.526000,0 days 00:00:40.648000,0 days 00:00:27.185000,0 days 01:33:15.211000,0 days 01:33:55.859000,0 days 01:34:23.044000,289.0,261.0,250.0,283.0,False,HARD,5.0,True,Red Bull Racing,0 days 01:32:46.657000,2025-10-05 12:41:21.120,1,5.0,False,,False,True
86,0 days 01:35:58.886000,VER,1,95.87,25.0,2.0,,,0 days 00:00:28.477000,0 days 00:00:40.380000,0 days 00:00:27.013000,0 days 01:34:51.521000,0 days 01:35:31.901000,0 days 01:35:58.914000,287.0,261.0,250.0,280.0,True,HARD,6.0,True,Red Bull Racing,0 days 01:34:23.016000,2025-10-05 12:42:57.479,1,4.0,False,,False,True
87,0 days 01:37:34.824000,VER,1,95.938,26.0,2.0,,,0 days 00:00:28.452000,0 days 00:00:40.503000,0 days 00:00:26.983000,0 days 01:36:27.366000,0 days 01:37:07.869000,0 days 01:37:34.852000,288.0,261.0,250.0,,False,HARD,7.0,True,Red Bull Racing,0 days 01:35:58.886000,2025-10-05 12:44:33.349,1,4.0,False,,False,True
88,0 days 01:39:10.826000,VER,1,96.002,27.0,2.0,,,0 days 00:00:28.520000,0 days 00:00:40.552000,0 days 00:00:26.930000,0 days 01:38:03.372000,0 days 01:38:43.924000,0 days 01:39:10.854000,287.0,261.0,250.0,281.0,False,HARD,8.0,True,Red Bull Racing,0 days 01:37:34.824000,2025-10-05 12:46:09.287,1,3.0,False,,False,True
89,0 days 01:40:46.558000,VER,1,95.732,28.0,2.0,,,0 days 00:00:28.484000,0 days 00:00:40.416000,0 days 00:00:26.832000,0 days 01:39:39.338000,0 days 01:40:19.754000,0 days 01:40:46.586000,,260.0,250.0,,True,HARD,9.0,True,Red Bull Racing,0 days 01:39:10.826000,2025-10-05 12:47:45.289,1,2.0,False,,False,True
90,0 days 01:42:22.708000,VER,1,96.15,29.0,2.0,,,0 days 00:00:28.617000,0 days 00:00:40.570000,0 days 00:00:26.963000,0 days 01:41:15.203000,0 days 01:41:55.773000,0 days 01:42:22.736000,,260.0,252.0,283.0,False,HARD,10.0,True,Red Bull Racing,0 days 01:40:46.558000,2025-10-05 12:49:21.021,1,2.0,False,,False,True
91,0 days 01:43:58.357000,VER,1,95.649,30.0,2.0,,,0 days 00:00:28.447000,0 days 00:00:40.294000,0 days 00:00:26.908000,0 days 01:42:51.183000,0 days 01:43:31.477000,0 days 01:43:58.385000,,260.0,252.0,282.0,True,HARD,11.0,True,Red Bull Racing,0 days 01:42:22.708000,2025-10-05 12:50:57.171,1,2.0,False,,False,True
92,0 days 01:45:34.108000,VER,1,95.751,31.0,2.0,,,0 days 00:00:28.523000,0 days 00:00:40.296000,0 days 00:00:26.932000,0 days 01:44:26.908000,0 days 01:45:07.204000,0 days 01:45:34.136000,,259.0,252.0,283.0,False,HARD,12.0,True,Red Bull Racing,0 days 01:43:58.357000,2025-10-05 12:52:32.820,1,2.0,False,,False,True
93,0 days 01:47:09.792000,VER,1,95.684,32.0,2.0,,,0 days 00:00:28.442000,0 days 00:00:40.374000,0 days 00:00:26.868000,0 days 01:46:02.578000,0 days 01:46:42.952000,0 days 01:47:09.820000,286.0,261.0,253.0,282.0,False,HARD,13.0,True,Red Bull Racing,0 days 01:45:34.108000,2025-10-05 12:54:08.571,1,2.0,False,,False,True
94,0 days 01:48:45.468000,VER,1,95.676,33.0,2.0,,,0 days 00:00:28.418000,0 days 00:00:40.333000,0 days 00:00:26.925000,0 days 01:47:38.238000,0 days 01:48:18.571000,0 days 01:48:45.496000,,261.0,252.0,283.0,False,HARD,14.0,True,Red Bull Racing,0 days 01:47:09.792000,2025-10-05 12:55:44.255,1,2.0,False,,False,True
95,0 days 01:50:21.283000,VER,1,95.815,34.0,2.0,,,0 days 00:00:28.505000,0 days 00:00:40.425000,0 days 00:00:26.885000,0 days 01:49:14.001000,0 days 01:49:54.426000,0 days 01:50:21.311000,,260.0,253.0,282.0,False,HARD,15.0,True,Red Bull Racing,0 days 01:48:45.468000,2025-10-05 12:57:19.931,1,2.0,False,,False,True
96,0 days 01:51:57.181000,VER,1,95.898,35.0,2.0,,,0 days 00:00:28.445000,0 days 00:00:40.474000,0 days 00:00:26.979000,0 days 01:50:49.756000,0 days 01:51:30.230000,0 days 01:51:57.209000,287.0,260.0,253.0,,False,HARD,16.0,True,Red Bull Racing,0 days 01:50:21.283000,2025-10-05 12:58:55.746,1,2.0,False,,False,True
97,0 days 01:53:34.955000,VER,1,97.774,36.0,2.0,,,0 days 00:00:28.551000,0 days 00:00:40.404000,0 days 00:00:28.819000,0 days 01:52:25.760000,0 days 01:53:06.164000,0 days 01:53:34.983000,,261.0,249.0,,False,HARD,17.0,True,Red Bull Racing,0 days 01:51:57.181000,2025-10-05 13:00:31.644,1,2.0,False,,False,True
98,0 days 01:55:11.375000,VER,1,96.42,37.0,2.0,,,0 days 00:00:28.736000,0 days 00:00:40.711000,0 days 00:00:26.973000,0 days 01:54:03.719000,0 days 01:54:44.430000,0 days 01:55:11.403000,,260.0,252.0,280.0,False,HARD,18.0,True,Red Bull Racing,0 days 01:53:34.955000,2025-10-05 13:02:09.418,1,2.0,True,TRACK LIMITS AT TURN 2 LAP 37 ,False,True
99,0 days 01:56:47.439000,VER,1,96.064,38.0,2.0,,,0 days 00:00:28.550000,0 days 00:00:40.613000,0 days 00:00:26.901000,0 days 01:55:39.953000,0 days 01:56:20.566000,0 days 01:56:47.467000,286.0,261.0,252.0,281.0,False,HARD,19.0,True,Red Bull Racing,0 days 01:55:11.375000,2025-10-05 13:03:45.838,1,2.0,True,TRACK LIMITS AT TURN 2 LAP 38 ,False,True
100,0 days 01:58:23.737000,VER,1,96.298,39.0,2.0,,,0 days 00:00:28.562000,0 days 00:00:40.684000,0 days 00:00:27.052000,0 days 01:57:16.029000,0 days 01:57:56.713000,0 days 01:58:23.765000,287.0,261.0,252.0,,False,HARD,20.0,True,Red Bull Racing,0 days 01:56:47.439000,2025-10-05 13:05:21.902,1,2.0,False,,False,True
101,0 days 01:59:59.867000,VER,1,96.13,40.0,2.0,,,0 days 00:00:28.513000,0 days 00:00:40.570000,0 days 00:00:27.047000,0 days 01:58:52.278000,0 days 01:59:32.848000,0 days 01:59:59.895000,288.0,259.0,252.0,282.0,False,HARD,21.0,True,Red Bull Racing,0 days 01:58:23.737000,2025-10-05 13:06:58.200,1,2.0,False,,False,True
102,0 days 02:01:36.130000,VER,1,96.263,41.0,2.0,,,0 days 00:00:28.543000,0 days 00:00:40.655000,0 days 00:00:27.065000,0 days 02:00:28.438000,0 days 02:01:09.093000,0 days 02:01:36.158000,286.0,263.0,253.0,281.0,False,HARD,22.0,True,Red Bull Racing,0 days 01:59:59.867000,2025-10-05 13:08:34.330,1,2.0,False,,False,True
103,0 days 02:03:12.578000,VER,1,96.448,42.0,2.0,,,0 days 00:00:28.538000,0 days 00:00:40.728000,0 days 00:00:27.182000,0 days 02:02:04.696000,0 days 02:02:45.424000,0 days 02:03:12.606000,288.0,261.0,252.0,,False,HARD,23.0,True,Red Bull Racing,0 days 02:01:36.130000,2025-10-05 13:10:10.593,1,2.0,False,,False,True
104,0 days 02:04:49.668000,VER,1,97.09,43.0,2.0,,,0 days 00:00:28.539000,0 days 00:00:41.213000,0 days 00:00:27.338000,0 days 02:03:41.145000,0 days 02:04:22.358000,0 days 02:04:49.696000,291.0,264.0,253.0,283.0,False,HARD,24.0,True,Red Bull Racing,0 days 02:03:12.578000,2025-10-05 13:11:47.041,1,2.0,False,,False,True
105,0 days 02:06:26.540000,VER,1,96.872,44.0,2.0,,,0 days 00:00:28.655000,0 days 00:00:41.014000,0 days 00:00:27.203000,0 days 02:05:18.351000,0 days 02:05:59.365000,0 days 02:06:26.568000,,263.0,252.0,282.0,False,HARD,25.0,True,Red Bull Racing,0 days 02:04:49.668000,2025-10-05 13:13:24.131,1,2.0,False,,False,True
106,0 days 02:08:04.345000,VER,1,97.805,45.0,2.0,,,0 days 00:00:28.655000,0 days 00:00:41.525000,0 days 00:00:27.625000,,0 days 02:07:36.748000,0 days 02:08:04.373000,288.0,267.0,253.0,285.0,False,HARD,26.0,True,Red Bull Racing,0 days 02:06:26.540000,2025-10-05 13:15:01.003,12,2.0,False,,False,True
107,0 days 02:09:41.885000,VER,1,97.54,46.0,2.0,,,0 days 00:00:28.726000,0 days 00:00:41.427000,0 days 00:00:27.387000,0 days 02:08:33.099000,0 days 02:09:14.526000,0 days 02:09:41.913000,289.0,264.0,253.0,282.0,False,HARD,27.0,True,Red Bull Racing,0 days 02:08:04.345000,2025-10-05 13:16:38.808,1,2.0,False,,False,True
108,0 days 02:11:19.395000,VER,1,97.51,47.0,2.0,,,0 days 00:00:28.853000,0 days 00:00:41.234000,0 days 00:00:27.423000,0 days 02:10:10.766000,0 days 02:10:52,0 days 02:11:19.423000,296.0,264.0,253.0,286.0,False,HARD,28.0,True,Red Bull Racing,0 days 02:09:41.885000,2025-10-05 13:18:16.348,1,2.0,False,,False,True
109,0 days 02:12:56.514000,VER,1,97.119,48.0,2.0,,,0 days 00:00:28.758000,0 days 00:00:41.326000,0 days 00:00:27.035000,0 days 02:11:48.181000,0 days 02:12:29.507000,0 days 02:12:56.542000,291.0,271.0,252.0,295.0,False,HARD,29.0,True,Red Bull Racing,0 days 02:11:19.395000,2025-10-05 13:19:53.858,1,2.0,False,,False,True
110,0 days 02:14:32.725000,VER,1,96.211,49.0,2.0,,,0 days 00:00:28.455000,0 days 00:00:40.784000,0 days 00:00:26.972000,0 days 02:13:24.997000,0 days 02:14:05.781000,0 days 02:14:32.753000,306.0,263.0,253.0,283.0,False,HARD,30.0,True,Red Bull Racing,0 days 02:12:56.514000,2025-10-05 13:21:30.977,1,2.0,False,,False,True
111,0 days 02:16:08.805000,VER,1,96.08,50.0,2.0,,,0 days 00:00:28.501000,0 days 00:00:40.613000,0 days 00:00:26.966000,0 days 02:15:01.254000,0 days 02:15:41.867000,0 days 02:16:08.833000,287.0,263.0,254.0,281.0,False,HARD,31.0,True,Red Bull Racing,0 days 02:14:32.725000,2025-10-05 13:23:07.188,1,2.0,False,,False,True
112,0 days 02:17:45.062000,VER,1,96.257,51.0,2.0,,,0 days 00:00:28.492000,0 days 00:00:40.682000,0 days 00:00:27.083000,0 days 02:16:37.325000,0 days 02:17:18.007000,0 days 02:17:45.090000,290.0,264.0,251.0,283.0,False,HARD,32.0,True,Red Bull Racing,0 days 02:16:08.805000,2025-10-05 13:24:43.268,1,2.0,False,,False,True
113,0 days 02:19:21.749000,VER,1,96.687,52.0,2.0,,,0 days 00:00:28.666000,0 days 00:00:40.923000,0 days 00:00:27.098000,0 days 02:18:13.756000,0 days 02:18:54.679000,0 days 02:19:21.777000,291.0,266.0,252.0,285.0,False,HARD,33.0,True,Red Bull Racing,0 days 02:17:45.062000,2025-10-05 13:26:19.525,1,2.0,False,,False,True
114,0 days 02:20:59.360000,VER,1,97.611,53.0,2.0,,,0 days 00:00:28.716000,0 days 00:00:41.804000,0 days 00:00:27.091000,0 days 02:19:50.493000,0 days 02:20:32.297000,0 days 02:20:59.388000,296.0,265.0,254.0,284.0,False,HARD,34.0,True,Red Bull Racing,0 days 02:19:21.749000,2025-10-05 13:27:56.212,1,2.0,False,,False,True
115,0 days 02:22:35.941000,VER,1,96.581,54.0,2.0,,,0 days 00:00:28.638000,0 days 00:00:40.937000,0 days 00:00:27.006000,0 days 02:21:28.026000,0 days 02:22:08.963000,0 days 02:22:35.969000,289.0,264.0,253.0,282.0,False,HARD,35.0,True,Red Bull Racing,0 days 02:20:59.360000,2025-10-05 13:29:33.823,1,2.0,False,,False,True
116,0 days 02:24:12.267000,VER,1,96.326,55.0,2.0,,,0 days 00:00:28.560000,0 days 00:00:40.783000,0 days 00:00:26.983000,0 days 02:23:04.529000,0 days 02:23:45.312000,0 days 02:24:12.295000,291.0,265.0,254.0,285.0,False,HARD,36.0,True,Red Bull Racing,0 days 02:22:35.941000,2025-10-05 13:31:10.404,1,2.0,False,,False,True
117,0 days 02:25:48.933000,VER,1,96.666,56.0,2.0,,,0 days 00:00:28.650000,0 days 00:00:40.986000,0 days 00:00:27.030000,0 days 02:24:40.945000,0 days 02:25:21.931000,0 days 02:25:48.961000,,266.0,255.0,,False,HARD,37.0,True,Red Bull Racing,0 days 02:24:12.267000,2025-10-05 13:32:46.730,1,2.0,False,,False,True
118,0 days 02:27:25.075000,VER,1,96.142,57.0,2.0,,,0 days 00:00:28.489000,0 days 00:00:40.683000,0 days 00:00:26.970000,0 days 02:26:17.450000,0 days 02:26:58.133000,0 days 02:27:25.103000,286.0,265.0,254.0,282.0,False,HARD,38.0,True,Red Bull Racing,0 days 02:25:48.933000,2025-10-05 13:34:23.396,1,2.0,False,,False,True
119,0 days 02:29:01.057000,VER,1,95.982,58.0,2.0,,,0 days 00:00:28.497000,0 days 00:00:40.540000,0 days 00:00:26.945000,0 days 02:27:53.600000,0 days 02:28:34.140000,0 days 02:29:01.085000,289.0,264.0,254.0,284.0,False,HARD,39.0,True,Red Bull Racing,0 days 02:27:25.075000,2025-10-05 13:35:59.538,1,2.0,False,,False,True
120,0 days 02:30:37.056000,VER,1,95.999,59.0,2.0,,,0 days 00:00:28.439000,0 days 00:00:40.622000,0 days 00:00:26.938000,0 days 02:29:29.524000,0 days 02:30:10.146000,0 days 02:30:37.084000,,264.0,255.0,,False,HARD,40.0,True,Red Bull Racing,0 days 02:29:01.057000,2025-10-05 13:37:35.520,1,2.0,False,,False,True
121,0 days 02:32:13.250000,VER,1,96.194,60.0,2.0,,,0 days 00:00:28.591000,0 days 00:00:40.647000,0 days 00:00:26.956000,0 days 02:31:05.675000,0 days 02:31:46.322000,0 days 02:32:13.278000,290.0,264.0,254.0,285.0,False,HARD,41.0,True,Red Bull Racing,0 days 02:30:37.056000,2025-10-05 13:39:11.519,1,2.0,False,,False,True
122,0 days 02:33:49.286000,VER,1,96.036,61.0,2.0,,,0 days 00:00:28.495000,0 days 00:00:40.608000,0 days 00:00:26.933000,0 days 02:32:41.773000,0 days 02:33:22.381000,0 days 02:33:49.314000,293.0,265.0,254.0,287.0,False,HARD,42.0,True,Red Bull Racing,0 days 02:32:13.250000,2025-10-05 13:40:47.713,1,2.0,False,,False,True
123,0 days 02:35:25.765000,VER,1,96.479,62.0,2.0,,,0 days 00:00:28.586000,0 days 00:00:40.751000,0 days 00:00:27.142000,0 days 02:34:17.900000,0 days 02:34:58.651000,0 days 02:35:25.793000,,265.0,253.0,286.0,False,HARD,43.0,True,Red Bull Racing,0 days 02:33:49.286000,2025-10-05 13:42:23.749,1,2.0,False,,False,True
124,0 days 00:56:44.950000,PIA,81,,1.0,1.0,,,,0 days 00:00:43.670000,0 days 00:00:29.418000,,0 days 00:56:15.757000,0 days 00:56:45.068000,288.0,262.0,238.0,194.0,False,MEDIUM,1.0,True,McLaren,0 days 00:54:57.735000,2025-10-05 12:03:32.198,1,4.0,False,,False,False
125,0 days 00:58:25.234000,PIA,81,100.284,2.0,1.0,,,0 days 00:00:29.521000,0 days 00:00:42.257000,0 days 00:00:28.506000,0 days 00:57:14.542000,0 days 00:57:56.799000,0 days 00:58:25.305000,282.0,259.0,240.0,274.0,True,MEDIUM,2.0,True,McLaren,0 days 00:56:44.950000,2025-10-05 12:05:19.413,1,4.0,False,,False,True
126,0 days 01:00:04.202000,PIA,81,98.968,3.0,1.0,,,0 days 00:00:29.364000,0 days 00:00:41.562000,0 days 00:00:28.042000,0 days 00:58:54.669000,0 days 00:59:36.231000,0 days 01:00:04.273000,283.0,259.0,247.0,268.0,True,MEDIUM,3.0,True,McLaren,0 days 00:58:25.234000,2025-10-05 12:06:59.697,1,4.0,False,,False,True
127,0 days 01:01:42.620000,PIA,81,98.418,4.0,1.0,,,0 days 00:00:29.095000,0 days 00:00:41.345000,0 days 00:00:27.978000,0 days 01:00:33.368000,0 days 01:01:14.713000,0 days 01:01:42.691000,281.0,255.0,246.0,278.0,True,MEDIUM,4.0,True,McLaren,0 days 01:00:04.202000,2025-10-05 12:08:38.665,1,4.0,False,,False,True
128,0 days 01:03:20.569000,PIA,81,97.949,5.0,1.0,,,0 days 00:00:29.066000,0 days 00:00:40.951000,0 days 00:00:27.932000,0 days 01:02:11.757000,0 days 01:02:52.708000,0 days 01:03:20.640000,,256.0,247.0,281.0,True,MEDIUM,5.0,True,McLaren,0 days 01:01:42.620000,2025-10-05 12:10:17.083,1,4.0,False,,False,True
129,0 days 01:04:58.493000,PIA,81,97.924,6.0,1.0,,,0 days 00:00:29.271000,0 days 00:00:40.976000,0 days 00:00:27.677000,0 days 01:03:49.911000,0 days 01:04:30.887000,0 days 01:04:58.564000,,255.0,249.0,279.0,True,MEDIUM,6.0,True,McLaren,0 days 01:03:20.569000,2025-10-05 12:11:55.032,1,4.0,False,,False,True
130,0 days 01:06:35.742000,PIA,81,97.249,7.0,1.0,,,0 days 00:00:29.019000,0 days 00:00:40.734000,0 days 00:00:27.496000,0 days 01:05:27.583000,0 days 01:06:08.317000,0 days 01:06:35.813000,283.0,256.0,249.0,280.0,True,MEDIUM,7.0,True,McLaren,0 days 01:04:58.493000,2025-10-05 12:13:32.956,12,4.0,False,,False,True
131,0 days 01:08:12.954000,PIA,81,97.212,8.0,1.0,,,0 days 00:00:28.858000,0 days 00:00:40.913000,0 days 00:00:27.441000,0 days 01:07:04.671000,0 days 01:07:45.584000,0 days 01:08:13.025000,285.0,258.0,249.0,281.0,True,MEDIUM,8.0,True,McLaren,0 days 01:06:35.742000,2025-10-05 12:15:10.205,1,4.0,False,,False,True
132,0 days 01:09:50.166000,PIA,81,97.212,9.0,1.0,,,0 days 00:00:28.796000,0 days 00:00:40.823000,0 days 00:00:27.593000,0 days 01:08:41.821000,0 days 01:09:22.644000,0 days 01:09:50.237000,,258.0,249.0,280.0,False,MEDIUM,9.0,True,McLaren,0 days 01:08:12.954000,2025-10-05 12:16:47.417,1,4.0,False,,False,True
133,0 days 01:11:27.902000,PIA,81,97.736,10.0,1.0,,,0 days 00:00:29.035000,0 days 00:00:41.216000,0 days 00:00:27.485000,0 days 01:10:19.272000,0 days 01:11:00.488000,0 days 01:11:27.973000,284.0,259.0,251.0,,False,MEDIUM,10.0,True,McLaren,0 days 01:09:50.166000,2025-10-05 12:18:24.629,1,4.0,False,,False,True
134,0 days 01:13:05.330000,PIA,81,97.428,11.0,1.0,,,0 days 00:00:28.941000,0 days 00:00:40.959000,0 days 00:00:27.528000,0 days 01:11:56.914000,0 days 01:12:37.873000,0 days 01:13:05.401000,,258.0,250.0,,False,MEDIUM,11.0,True,McLaren,0 days 01:11:27.902000,2025-10-05 12:20:02.365,1,4.0,False,,False,True
135,0 days 01:14:43.015000,PIA,81,97.685,12.0,1.0,,,0 days 00:00:29.002000,0 days 00:00:41.062000,0 days 00:00:27.621000,0 days 01:13:34.403000,0 days 01:14:15.465000,0 days 01:14:43.086000,283.0,259.0,249.0,,False,MEDIUM,12.0,True,McLaren,0 days 01:13:05.330000,2025-10-05 12:21:39.793,1,4.0,False,,False,True
136,0 days 01:16:20.349000,PIA,81,97.334,13.0,1.0,,,0 days 00:00:28.918000,0 days 00:00:40.942000,0 days 00:00:27.474000,0 days 01:15:12.004000,0 days 01:15:52.946000,0 days 01:16:20.420000,284.0,259.0,248.0,,False,MEDIUM,13.0,True,McLaren,0 days 01:14:43.015000,2025-10-05 12:23:17.478,1,4.0,False,,False,True
137,0 days 01:17:57.827000,PIA,81,97.478,14.0,1.0,,,0 days 00:00:28.964000,0 days 00:00:41.026000,0 days 00:00:27.488000,0 days 01:16:49.384000,0 days 01:17:30.410000,0 days 01:17:57.898000,,258.0,249.0,279.0,False,MEDIUM,14.0,True,McLaren,0 days 01:16:20.349000,2025-10-05 12:24:54.812,1,4.0,False,,False,True
138,0 days 01:19:35.239000,PIA,81,97.412,15.0,1.0,,,0 days 00:00:28.844000,0 days 00:00:41.023000,0 days 00:00:27.545000,0 days 01:18:26.742000,0 days 01:19:07.765000,0 days 01:19:35.310000,285.0,259.0,246.0,283.0,False,MEDIUM,15.0,True,McLaren,0 days 01:17:57.827000,2025-10-05 12:26:32.290,1,4.0,False,,False,True
139,0 days 01:21:12.586000,PIA,81,97.347,16.0,1.0,,,0 days 00:00:28.868000,0 days 00:00:41.138000,0 days 00:00:27.341000,0 days 01:20:04.178000,0 days 01:20:45.316000,0 days 01:21:12.657000,,259.0,250.0,279.0,False,MEDIUM,16.0,True,McLaren,0 days 01:19:35.239000,2025-10-05 12:28:09.702,1,4.0,False,,False,True
140,0 days 01:22:49.974000,PIA,81,97.388,17.0,1.0,,,0 days 00:00:28.907000,0 days 00:00:41.116000,0 days 00:00:27.365000,0 days 01:21:41.564000,0 days 01:22:22.680000,0 days 01:22:50.045000,,259.0,250.0,281.0,False,MEDIUM,17.0,True,McLaren,0 days 01:21:12.586000,2025-10-05 12:29:47.049,1,4.0,False,,False,True
141,0 days 01:24:26.897000,PIA,81,96.923,18.0,1.0,,,0 days 00:00:28.774000,0 days 00:00:40.885000,0 days 00:00:27.264000,0 days 01:23:18.819000,0 days 01:23:59.704000,0 days 01:24:26.968000,284.0,259.0,250.0,279.0,True,MEDIUM,18.0,True,McLaren,0 days 01:22:49.974000,2025-10-05 12:31:24.437,1,4.0,False,,False,True
142,0 days 01:26:04.014000,PIA,81,97.117,19.0,1.0,,,0 days 00:00:28.712000,0 days 00:00:41.123000,0 days 00:00:27.282000,0 days 01:24:55.680000,0 days 01:25:36.803000,0 days 01:26:04.085000,286.0,260.0,250.0,281.0,False,MEDIUM,19.0,True,McLaren,0 days 01:24:26.897000,2025-10-05 12:33:01.360,1,3.0,False,,False,True
143,0 days 01:27:41.006000,PIA,81,96.992,20.0,1.0,,,0 days 00:00:28.886000,0 days 00:00:40.797000,0 days 00:00:27.309000,0 days 01:26:32.971000,0 days 01:27:13.768000,0 days 01:27:41.077000,284.0,259.0,251.0,280.0,False,MEDIUM,20.0,True,McLaren,0 days 01:26:04.014000,2025-10-05 12:34:38.477,1,3.0,False,,False,True
144,0 days 01:29:17.802000,PIA,81,96.796,21.0,1.0,,,0 days 00:00:28.817000,0 days 00:00:40.788000,0 days 00:00:27.191000,0 days 01:28:09.894000,0 days 01:28:50.682000,0 days 01:29:17.873000,286.0,259.0,252.0,,True,MEDIUM,21.0,True,McLaren,0 days 01:27:41.006000,2025-10-05 12:36:15.469,1,3.0,False,,False,True
145,0 days 01:30:54.411000,PIA,81,96.609,22.0,1.0,,,0 days 00:00:28.656000,0 days 00:00:40.840000,0 days 00:00:27.113000,0 days 01:29:46.529000,0 days 01:30:27.369000,0 days 01:30:54.482000,285.0,259.0,252.0,282.0,True,MEDIUM,22.0,True,McLaren,0 days 01:29:17.802000,2025-10-05 12:37:52.265,1,3.0,False,,False,True
146,0 days 01:32:31.257000,PIA,81,96.846,23.0,1.0,,,0 days 00:00:28.736000,0 days 00:00:40.804000,0 days 00:00:27.306000,0 days 01:31:23.218000,0 days 01:32:04.022000,0 days 01:32:31.328000,,259.0,251.0,281.0,False,MEDIUM,23.0,True,McLaren,0 days 01:30:54.411000,2025-10-05 12:39:28.874,1,3.0,False,,False,True
147,0 days 01:34:08.803000,PIA,81,97.546,24.0,1.0,,,0 days 00:00:28.771000,0 days 00:00:41.528000,0 days 00:00:27.247000,0 days 01:33:00.099000,0 days 01:33:41.627000,0 days 01:34:08.874000,,260.0,251.0,,False,MEDIUM,24.0,True,McLaren,0 days 01:32:31.257000,2025-10-05 12:41:05.720,1,3.0,False,,False,True
148,0 days 01:35:45.504000,PIA,81,96.701,25.0,1.0,,,0 days 00:00:28.669000,0 days 00:00:40.803000,0 days 00:00:27.229000,0 days 01:34:37.543000,0 days 01:35:18.346000,0 days 01:35:45.575000,,259.0,252.0,280.0,False,MEDIUM,25.0,True,McLaren,0 days 01:34:08.803000,2025-10-05 12:42:43.266,1,3.0,False,,False,True
149,0 days 01:37:22.344000,PIA,81,96.84,26.0,1.0,,,0 days 00:00:28.761000,0 days 00:00:40.904000,0 days 00:00:27.175000,0 days 01:36:14.336000,0 days 01:36:55.240000,0 days 01:37:22.415000,286.0,259.0,251.0,281.0,False,MEDIUM,26.0,True,McLaren,0 days 01:35:45.504000,2025-10-05 12:44:19.967,1,1.0,False,,False,True
150,0 days 01:39:05.174000,PIA,81,102.83,27.0,1.0,,0 days 01:38:59.354000,0 days 00:00:28.735000,0 days 00:00:40.964000,0 days 00:00:33.131000,0 days 01:37:51.150000,0 days 01:38:32.114000,0 days 01:39:05.245000,284.0,258.0,,279.0,False,MEDIUM,27.0,True,McLaren,0 days 01:37:22.344000,2025-10-05 12:45:56.807,1,1.0,False,,False,False
151,0 days 01:41:01.217000,PIA,81,116.043,28.0,2.0,0 days 01:39:26.033000,,0 days 00:00:48.263000,0 days 00:00:40.573000,0 days 00:00:27.207000,0 days 01:39:53.508000,0 days 01:40:34.081000,0 days 01:41:01.288000,281.0,257.0,250.0,,False,HARD,1.0,True,McLaren,0 days 01:39:05.174000,2025-10-05 12:47:39.637,1,4.0,False,,False,False
152,0 days 01:42:36.866000,PIA,81,95.649,29.0,2.0,,,0 days 00:00:28.422000,0 days 00:00:40.103000,0 days 00:00:27.124000,0 days 01:41:29.710000,0 days 01:42:09.813000,0 days 01:42:36.937000,285.0,259.0,252.0,281.0,True,HARD,2.0,True,McLaren,0 days 01:41:01.217000,2025-10-05 12:49:35.680,1,4.0,False,,False,True
153,0 days 01:44:12.401000,PIA,81,95.535,30.0,2.0,,,0 days 00:00:28.438000,0 days 00:00:40.211000,0 days 00:00:26.886000,0 days 01:43:05.375000,0 days 01:43:45.586000,0 days 01:44:12.472000,283.0,258.0,253.0,,True,HARD,3.0,True,McLaren,0 days 01:42:36.866000,2025-10-05 12:51:11.329,1,4.0,False,,False,True
154,0 days 01:45:47.809000,PIA,81,95.408,31.0,2.0,,,0 days 00:00:28.450000,0 days 00:00:40.107000,0 days 00:00:26.851000,0 days 01:44:40.922000,0 days 01:45:21.029000,0 days 01:45:47.880000,284.0,258.0,253.0,283.0,True,HARD,4.0,True,McLaren,0 days 01:44:12.401000,2025-10-05 12:52:46.864,1,4.0,False,,False,True
155,0 days 01:47:23.374000,PIA,81,95.565,32.0,2.0,,,0 days 00:00:28.382000,0 days 00:00:40.180000,0 days 00:00:27.003000,0 days 01:46:16.262000,0 days 01:46:56.442000,0 days 01:47:23.445000,,258.0,252.0,281.0,False,HARD,5.0,True,McLaren,0 days 01:45:47.809000,2025-10-05 12:54:22.272,1,4.0,False,,False,True
156,0 days 01:48:59.042000,PIA,81,95.668,33.0,2.0,,,0 days 00:00:28.483000,0 days 00:00:40.242000,0 days 00:00:26.943000,0 days 01:47:51.928000,0 days 01:48:32.170000,0 days 01:48:59.113000,285.0,258.0,252.0,280.0,False,HARD,6.0,True,McLaren,0 days 01:47:23.374000,2025-10-05 12:55:57.837,1,4.0,False,,False,True
157,0 days 01:50:34.779000,PIA,81,95.737,34.0,2.0,,,0 days 00:00:28.528000,0 days 00:00:40.197000,0 days 00:00:27.012000,0 days 01:49:27.641000,0 days 01:50:07.838000,0 days 01:50:34.850000,,258.0,253.0,,False,HARD,7.0,True,McLaren,0 days 01:48:59.042000,2025-10-05 12:57:33.505,1,4.0,False,,False,True
158,0 days 01:52:10.699000,PIA,81,95.92,35.0,2.0,,,0 days 00:00:28.444000,0 days 00:00:40.454000,0 days 00:00:27.022000,0 days 01:51:03.294000,0 days 01:51:43.748000,0 days 01:52:10.770000,,259.0,254.0,281.0,False,HARD,8.0,True,McLaren,0 days 01:50:34.779000,2025-10-05 12:59:09.242,1,4.0,False,,False,True
159,0 days 01:53:46.148000,PIA,81,95.449,36.0,2.0,,,0 days 00:00:28.343000,0 days 00:00:40.275000,0 days 00:00:26.831000,0 days 01:52:39.113000,0 days 01:53:19.388000,0 days 01:53:46.219000,,259.0,255.0,,False,HARD,9.0,True,McLaren,0 days 01:52:10.699000,2025-10-05 13:00:45.162,1,4.0,False,,False,True
160,0 days 01:55:21.808000,PIA,81,95.66,37.0,2.0,,,0 days 00:00:28.431000,0 days 00:00:40.315000,0 days 00:00:26.914000,0 days 01:54:14.650000,0 days 01:54:54.965000,0 days 01:55:21.879000,286.0,259.0,253.0,,False,HARD,10.0,True,McLaren,0 days 01:53:46.148000,2025-10-05 13:02:20.611,1,4.0,False,,False,True
161,0 days 01:56:57.393000,PIA,81,95.585,38.0,2.0,,,0 days 00:00:28.400000,0 days 00:00:40.393000,0 days 00:00:26.792000,0 days 01:55:50.279000,0 days 01:56:30.672000,0 days 01:56:57.464000,285.0,258.0,254.0,,False,HARD,11.0,True,McLaren,0 days 01:55:21.808000,2025-10-05 13:03:56.271,1,4.0,False,,False,True
162,0 days 01:58:33.081000,PIA,81,95.688,39.0,2.0,,,0 days 00:00:28.419000,0 days 00:00:40.387000,0 days 00:00:26.882000,0 days 01:57:25.883000,0 days 01:58:06.270000,0 days 01:58:33.152000,,259.0,254.0,,False,HARD,12.0,True,McLaren,0 days 01:56:57.393000,2025-10-05 13:05:31.856,1,4.0,False,,False,True
163,0 days 02:00:09.253000,PIA,81,96.172,40.0,2.0,,,0 days 00:00:28.459000,0 days 00:00:40.742000,0 days 00:00:26.971000,0 days 01:59:01.611000,0 days 01:59:42.353000,0 days 02:00:09.324000,286.0,260.0,253.0,280.0,False,HARD,13.0,True,McLaren,0 days 01:58:33.081000,2025-10-05 13:07:07.544,1,4.0,False,,False,True
164,0 days 02:01:44.997000,PIA,81,95.744,41.0,2.0,,,0 days 00:00:28.457000,0 days 00:00:40.375000,0 days 00:00:26.912000,0 days 02:00:37.781000,0 days 02:01:18.156000,0 days 02:01:45.068000,,259.0,254.0,281.0,False,HARD,14.0,True,McLaren,0 days 02:00:09.253000,2025-10-05 13:08:43.716,1,4.0,False,,False,True
165,0 days 02:03:20.927000,PIA,81,95.93,42.0,2.0,,,0 days 00:00:28.459000,0 days 00:00:40.528000,0 days 00:00:26.943000,0 days 02:02:13.527000,0 days 02:02:54.055000,0 days 02:03:20.998000,288.0,261.0,254.0,280.0,False,HARD,15.0,True,McLaren,0 days 02:01:44.997000,2025-10-05 13:10:19.460,1,4.0,False,,False,True
166,0 days 02:04:57.376000,PIA,81,96.449,43.0,2.0,,,0 days 00:00:28.479000,0 days 00:00:40.847000,0 days 00:00:27.123000,0 days 02:03:49.477000,0 days 02:04:30.324000,0 days 02:04:57.447000,286.0,261.0,252.0,282.0,False,HARD,16.0,True,McLaren,0 days 02:03:20.927000,2025-10-05 13:11:55.390,1,4.0,False,,False,True
167,0 days 02:06:34.114000,PIA,81,96.738,44.0,2.0,,,0 days 00:00:28.548000,0 days 00:00:41.217000,0 days 00:00:26.973000,0 days 02:05:25.995000,0 days 02:06:07.212000,0 days 02:06:34.185000,309.0,261.0,253.0,280.0,False,HARD,17.0,True,McLaren,0 days 02:04:57.376000,2025-10-05 13:13:31.839,1,4.0,False,,False,True
168,0 days 02:08:11.217000,PIA,81,97.103,45.0,2.0,,,0 days 00:00:28.542000,0 days 00:00:41.498000,0 days 00:00:27.063000,0 days 02:07:02.727000,0 days 02:07:44.225000,0 days 02:08:11.288000,272.0,263.0,253.0,282.0,False,HARD,18.0,True,McLaren,0 days 02:06:34.114000,2025-10-05 13:15:08.577,12,4.0,False,,False,True
169,0 days 02:09:47.197000,PIA,81,95.98,46.0,2.0,,,0 days 00:00:28.430000,0 days 00:00:40.539000,0 days 00:00:27.011000,0 days 02:08:39.718000,0 days 02:09:20.257000,0 days 02:09:47.268000,287.0,261.0,254.0,283.0,False,HARD,19.0,True,McLaren,0 days 02:08:11.217000,2025-10-05 13:16:45.680,1,4.0,False,,False,True
170,0 days 02:11:23.610000,PIA,81,96.413,47.0,2.0,,,0 days 00:00:28.399000,0 days 00:00:40.732000,0 days 00:00:27.282000,0 days 02:10:15.667000,0 days 02:10:56.399000,0 days 02:11:23.681000,292.0,264.0,251.0,285.0,False,HARD,20.0,True,McLaren,0 days 02:09:47.197000,2025-10-05 13:18:21.660,1,4.0,False,,False,True
171,0 days 02:13:01.271000,PIA,81,97.661,48.0,2.0,,,0 days 00:00:28.869000,0 days 00:00:41.404000,0 days 00:00:27.388000,0 days 02:11:52.550000,0 days 02:12:33.954000,0 days 02:13:01.342000,295.0,273.0,251.0,287.0,False,HARD,21.0,True,McLaren,0 days 02:11:23.610000,2025-10-05 13:19:58.073,1,4.0,False,,False,True
172,0 days 02:14:38.557000,PIA,81,97.286,49.0,2.0,,,0 days 00:00:28.555000,0 days 00:00:41.454000,0 days 00:00:27.277000,0 days 02:13:29.897000,0 days 02:14:11.351000,0 days 02:14:38.628000,294.0,273.0,255.0,284.0,False,HARD,22.0,True,McLaren,0 days 02:13:01.271000,2025-10-05 13:21:35.734,1,4.0,False,,False,True
173,0 days 02:16:15.925000,PIA,81,97.368,50.0,2.0,,,0 days 00:00:28.550000,0 days 00:00:41.584000,0 days 00:00:27.234000,0 days 02:15:07.178000,0 days 02:15:48.762000,0 days 02:16:15.996000,311.0,274.0,256.0,300.0,False,HARD,23.0,True,McLaren,0 days 02:14:38.557000,2025-10-05 13:23:13.020,1,4.0,False,,False,True
174,0 days 02:17:52.099000,PIA,81,96.174,51.0,2.0,,,0 days 00:00:28.655000,0 days 00:00:40.536000,0 days 00:00:26.983000,0 days 02:16:44.651000,0 days 02:17:25.187000,0 days 02:17:52.170000,305.0,262.0,255.0,298.0,False,HARD,24.0,True,McLaren,0 days 02:16:15.925000,2025-10-05 13:24:50.388,1,4.0,False,,False,True
175,0 days 02:19:27.981000,PIA,81,95.882,52.0,2.0,,,0 days 00:00:28.396000,0 days 00:00:40.492000,0 days 00:00:26.994000,0 days 02:18:20.566000,0 days 02:19:01.058000,0 days 02:19:28.052000,287.0,262.0,254.0,286.0,False,HARD,25.0,True,McLaren,0 days 02:17:52.099000,2025-10-05 13:26:26.562,1,4.0,False,,False,True
176,0 days 02:21:03.537000,PIA,81,95.556,53.0,2.0,,,0 days 00:00:28.366000,0 days 00:00:40.490000,0 days 00:00:26.700000,0 days 02:19:56.418000,0 days 02:20:36.908000,0 days 02:21:03.608000,290.0,263.0,256.0,,False,HARD,26.0,True,McLaren,0 days 02:19:27.981000,2025-10-05 13:28:02.444,1,4.0,False,,False,True
177,0 days 02:22:40.515000,PIA,81,96.978,54.0,2.0,,,0 days 00:00:28.503000,0 days 00:00:40.919000,0 days 00:00:27.556000,0 days 02:21:32.111000,0 days 02:22:13.030000,0 days 02:22:40.586000,292.0,267.0,254.0,,False,HARD,27.0,True,McLaren,0 days 02:21:03.537000,2025-10-05 13:29:38.000,1,4.0,False,,False,True
178,0 days 02:24:16.396000,PIA,81,95.881,55.0,2.0,,,0 days 00:00:28.424000,0 days 00:00:40.618000,0 days 00:00:26.839000,0 days 02:23:09.010000,0 days 02:23:49.628000,0 days 02:24:16.467000,287.0,263.0,255.0,,False,HARD,28.0,True,McLaren,0 days 02:22:40.515000,2025-10-05 13:31:14.978,1,4.0,False,,False,True
179,0 days 02:25:52.474000,PIA,81,96.078,56.0,2.0,,,0 days 00:00:28.543000,0 days 00:00:40.728000,0 days 00:00:26.807000,0 days 02:24:45.010000,0 days 02:25:25.738000,0 days 02:25:52.545000,288.0,265.0,255.0,284.0,False,HARD,29.0,True,McLaren,0 days 02:24:16.396000,2025-10-05 13:32:50.859,1,4.0,False,,False,True
180,0 days 02:27:28.874000,PIA,81,96.4,57.0,2.0,,,0 days 00:00:28.631000,0 days 00:00:40.934000,0 days 00:00:26.835000,0 days 02:26:21.176000,0 days 02:27:02.110000,0 days 02:27:28.945000,293.0,264.0,257.0,287.0,False,HARD,30.0,True,McLaren,0 days 02:25:52.474000,2025-10-05 13:34:26.937,1,4.0,False,,False,True
181,0 days 02:29:04.741000,PIA,81,95.867,58.0,2.0,,,0 days 00:00:28.323000,0 days 00:00:40.546000,0 days 00:00:26.998000,0 days 02:27:57.268000,0 days 02:28:37.814000,0 days 02:29:04.812000,290.0,265.0,251.0,284.0,False,HARD,31.0,True,McLaren,0 days 02:27:28.874000,2025-10-05 13:36:03.337,1,4.0,False,,False,True
182,0 days 02:30:40.347000,PIA,81,95.606,59.0,2.0,,,0 days 00:00:28.420000,0 days 00:00:40.549000,0 days 00:00:26.637000,0 days 02:29:33.232000,0 days 02:30:13.781000,0 days 02:30:40.418000,,264.0,256.0,287.0,False,HARD,32.0,True,McLaren,0 days 02:29:04.741000,2025-10-05 13:37:39.204,1,4.0,False,,False,True
183,0 days 02:32:16.205000,PIA,81,95.858,60.0,2.0,,,0 days 00:00:28.375000,0 days 00:00:40.579000,0 days 00:00:26.904000,0 days 02:31:08.793000,0 days 02:31:49.372000,0 days 02:32:16.276000,292.0,265.0,257.0,,False,HARD,33.0,True,McLaren,0 days 02:30:40.347000,2025-10-05 13:39:14.810,1,4.0,False,,False,True
184,0 days 02:33:52.095000,PIA,81,95.89,61.0,2.0,,,0 days 00:00:28.295000,0 days 00:00:40.616000,0 days 00:00:26.979000,0 days 02:32:44.571000,0 days 02:33:25.187000,0 days 02:33:52.166000,294.0,267.0,255.0,289.0,False,HARD,34.0,True,McLaren,0 days 02:32:16.205000,2025-10-05 13:40:50.668,1,4.0,False,,False,True
185,0 days 02:35:28.481000,PIA,81,96.386,62.0,2.0,,,0 days 00:00:28.567000,0 days 00:00:40.816000,0 days 00:00:27.003000,0 days 02:34:20.733000,0 days 02:35:01.549000,0 days 02:35:28.552000,295.0,267.0,254.0,,False,HARD,35.0,True,McLaren,0 days 02:33:52.095000,2025-10-05 13:42:26.558,1,4.0,False,,False,True
248,0 days 00:56:43.534000,NOR,4,,1.0,1.0,,,,0 days 00:00:43.375000,0 days 00:00:28.660000,,0 days 00:56:15.023000,0 days 00:56:43.679000,286.0,257.0,243.0,204.0,False,MEDIUM,1.0,True,McLaren,0 days 00:54:57.735000,2025-10-05 12:03:32.198,1,3.0,False,,False,False
249,0 days 00:58:23.173000,NOR,4,99.639,2.0,1.0,,,0 days 00:00:29.340000,0 days 00:00:42.138000,0 days 00:00:28.161000,0 days 00:57:12.931000,0 days 00:57:55.069000,0 days 00:58:23.230000,298.0,270.0,250.0,276.0,True,MEDIUM,2.0,True,McLaren,0 days 00:56:43.534000,2025-10-05 12:05:17.997,1,3.0,False,,False,True
250,0 days 01:00:01.926000,NOR,4,98.753,3.0,1.0,,,0 days 00:00:29.037000,0 days 00:00:41.741000,0 days 00:00:27.975000,0 days 00:58:52.267000,0 days 00:59:34.008000,0 days 01:00:01.983000,285.0,264.0,249.0,278.0,True,MEDIUM,3.0,True,McLaren,0 days 00:58:23.173000,2025-10-05 12:06:57.636,1,3.0,False,,False,True
251,0 days 01:01:40.137000,NOR,4,98.211,4.0,1.0,,,0 days 00:00:28.941000,0 days 00:00:41.450000,0 days 00:00:27.820000,0 days 01:00:30.924000,0 days 01:01:12.374000,0 days 01:01:40.194000,289.0,262.0,248.0,283.0,True,MEDIUM,4.0,True,McLaren,0 days 01:00:01.926000,2025-10-05 12:08:36.389,1,3.0,False,,False,True
252,0 days 01:03:18.203000,NOR,4,98.066,5.0,1.0,,,0 days 00:00:29.072000,0 days 00:00:41.312000,0 days 00:00:27.682000,0 days 01:02:09.266000,0 days 01:02:50.578000,0 days 01:03:18.260000,278.0,254.0,248.0,279.0,True,MEDIUM,5.0,True,McLaren,0 days 01:01:40.137000,2025-10-05 12:10:14.600,1,3.0,False,,False,True
253,0 days 01:04:55.800000,NOR,4,97.597,6.0,1.0,,,0 days 00:00:28.964000,0 days 00:00:41.026000,0 days 00:00:27.607000,0 days 01:03:47.224000,0 days 01:04:28.250000,0 days 01:04:55.857000,277.0,258.0,249.0,283.0,True,MEDIUM,6.0,True,McLaren,0 days 01:03:18.203000,2025-10-05 12:11:52.666,1,3.0,False,,False,True
254,0 days 01:06:32.999000,NOR,4,97.199,7.0,1.0,,,0 days 00:00:28.819000,0 days 00:00:40.930000,0 days 00:00:27.450000,0 days 01:05:24.676000,0 days 01:06:05.606000,0 days 01:06:33.056000,280.0,256.0,248.0,280.0,True,MEDIUM,7.0,True,McLaren,0 days 01:04:55.800000,2025-10-05 12:13:30.263,12,3.0,False,,False,True
255,0 days 01:08:10.031000,NOR,4,97.032,8.0,1.0,,,0 days 00:00:28.757000,0 days 00:00:40.802000,0 days 00:00:27.473000,0 days 01:07:01.813000,0 days 01:07:42.615000,0 days 01:08:10.088000,284.0,257.0,248.0,281.0,True,MEDIUM,8.0,True,McLaren,0 days 01:06:32.999000,2025-10-05 12:15:07.462,1,3.0,False,,False,True
256,0 days 01:09:47.156000,NOR,4,97.125,9.0,1.0,,,0 days 00:00:28.811000,0 days 00:00:40.814000,0 days 00:00:27.500000,0 days 01:08:38.899000,0 days 01:09:19.713000,0 days 01:09:47.213000,,256.0,248.0,280.0,False,MEDIUM,9.0,True,McLaren,0 days 01:08:10.031000,2025-10-05 12:16:44.494,1,3.0,False,,False,True
257,0 days 01:11:24.415000,NOR,4,97.259,10.0,1.0,,,0 days 00:00:28.839000,0 days 00:00:40.803000,0 days 00:00:27.617000,0 days 01:10:16.052000,0 days 01:10:56.855000,0 days 01:11:24.472000,285.0,256.0,247.0,,False,MEDIUM,10.0,True,McLaren,0 days 01:09:47.156000,2025-10-05 12:18:21.619,1,3.0,False,,False,True
258,0 days 01:13:01.545000,NOR,4,97.13,11.0,1.0,,,0 days 00:00:28.866000,0 days 00:00:40.889000,0 days 00:00:27.375000,0 days 01:11:53.338000,0 days 01:12:34.227000,0 days 01:13:01.602000,286.0,257.0,250.0,279.0,False,MEDIUM,11.0,True,McLaren,0 days 01:11:24.415000,2025-10-05 12:19:58.878,1,3.0,False,,False,True
259,0 days 01:14:38.702000,NOR,4,97.157,12.0,1.0,,,0 days 00:00:28.926000,0 days 00:00:40.924000,0 days 00:00:27.307000,0 days 01:13:30.528000,0 days 01:14:11.452000,0 days 01:14:38.759000,,257.0,250.0,281.0,False,MEDIUM,12.0,True,McLaren,0 days 01:13:01.545000,2025-10-05 12:21:36.008,1,3.0,False,,False,True
260,0 days 01:16:15.742000,NOR,4,97.04,13.0,1.0,,,0 days 00:00:28.826000,0 days 00:00:40.913000,0 days 00:00:27.301000,0 days 01:15:07.585000,0 days 01:15:48.498000,0 days 01:16:15.799000,,258.0,248.0,280.0,False,MEDIUM,13.0,True,McLaren,0 days 01:14:38.702000,2025-10-05 12:23:13.165,1,3.0,False,,False,True
261,0 days 01:17:53.075000,NOR,4,97.333,14.0,1.0,,,0 days 00:00:28.884000,0 days 00:00:41.151000,0 days 00:00:27.298000,0 days 01:16:44.683000,0 days 01:17:25.834000,0 days 01:17:53.132000,,258.0,250.0,282.0,False,MEDIUM,14.0,True,McLaren,0 days 01:16:15.742000,2025-10-05 12:24:50.205,1,3.0,False,,False,True
262,0 days 01:19:30.273000,NOR,4,97.198,15.0,1.0,,,0 days 00:00:28.865000,0 days 00:00:41.047000,0 days 00:00:27.286000,0 days 01:18:21.997000,0 days 01:19:03.044000,0 days 01:19:30.330000,287.0,257.0,250.0,,False,MEDIUM,15.0,True,McLaren,0 days 01:17:53.075000,2025-10-05 12:26:27.538,1,3.0,False,,False,True
263,0 days 01:21:07.602000,NOR,4,97.329,16.0,1.0,,,0 days 00:00:28.883000,0 days 00:00:41.177000,0 days 00:00:27.269000,0 days 01:19:59.213000,0 days 01:20:40.390000,0 days 01:21:07.659000,286.0,259.0,249.0,,False,MEDIUM,16.0,True,McLaren,0 days 01:19:30.273000,2025-10-05 12:28:04.736,1,3.0,False,,False,True
264,0 days 01:22:44.779000,NOR,4,97.177,17.0,1.0,,,0 days 00:00:28.973000,0 days 00:00:40.949000,0 days 00:00:27.255000,0 days 01:21:36.632000,0 days 01:22:17.581000,0 days 01:22:44.836000,287.0,258.0,250.0,,False,MEDIUM,17.0,True,McLaren,0 days 01:21:07.602000,2025-10-05 12:29:42.065,1,3.0,False,,False,True
265,0 days 01:24:22.223000,NOR,4,97.444,18.0,1.0,,,0 days 00:00:28.960000,0 days 00:00:41.100000,0 days 00:00:27.384000,0 days 01:23:13.796000,0 days 01:23:54.896000,0 days 01:24:22.280000,286.0,258.0,250.0,281.0,False,MEDIUM,18.0,True,McLaren,0 days 01:22:44.779000,2025-10-05 12:31:19.242,1,3.0,False,,False,True
266,0 days 01:25:59.782000,NOR,4,97.559,19.0,1.0,,,0 days 00:00:28.992000,0 days 00:00:41.154000,0 days 00:00:27.413000,0 days 01:24:51.272000,0 days 01:25:32.426000,0 days 01:25:59.839000,,259.0,249.0,280.0,False,MEDIUM,19.0,True,McLaren,0 days 01:24:22.223000,2025-10-05 12:32:56.686,1,2.0,False,,False,True
267,0 days 01:27:36.798000,NOR,4,97.016,20.0,1.0,,,0 days 00:00:28.764000,0 days 00:00:41.018000,0 days 00:00:27.234000,0 days 01:26:28.603000,0 days 01:27:09.621000,0 days 01:27:36.855000,284.0,258.0,250.0,279.0,True,MEDIUM,20.0,True,McLaren,0 days 01:25:59.782000,2025-10-05 12:34:34.245,1,2.0,False,,False,True
268,0 days 01:29:13.436000,NOR,4,96.638,21.0,1.0,,,0 days 00:00:28.789000,0 days 00:00:40.767000,0 days 00:00:27.082000,0 days 01:28:05.644000,0 days 01:28:46.411000,0 days 01:29:13.493000,285.0,258.0,251.0,,True,MEDIUM,21.0,True,McLaren,0 days 01:27:36.798000,2025-10-05 12:36:11.261,1,2.0,False,,False,True
269,0 days 01:30:50.124000,NOR,4,96.688,22.0,1.0,,,0 days 00:00:28.811000,0 days 00:00:40.847000,0 days 00:00:27.030000,0 days 01:29:42.304000,0 days 01:30:23.151000,0 days 01:30:50.181000,284.0,259.0,251.0,280.0,False,MEDIUM,22.0,True,McLaren,0 days 01:29:13.436000,2025-10-05 12:37:47.899,1,2.0,False,,False,True
270,0 days 01:32:26.934000,NOR,4,96.81,23.0,1.0,,,0 days 00:00:28.731000,0 days 00:00:40.966000,0 days 00:00:27.113000,0 days 01:31:18.912000,0 days 01:31:59.878000,0 days 01:32:26.991000,286.0,259.0,250.0,,False,MEDIUM,23.0,True,McLaren,0 days 01:30:50.124000,2025-10-05 12:39:24.587,1,2.0,False,,False,True
271,0 days 01:34:03.893000,NOR,4,96.959,24.0,1.0,,,0 days 00:00:28.829000,0 days 00:00:40.953000,0 days 00:00:27.177000,0 days 01:32:55.820000,0 days 01:33:36.773000,0 days 01:34:03.950000,284.0,259.0,250.0,281.0,False,MEDIUM,24.0,True,McLaren,0 days 01:32:26.934000,2025-10-05 12:41:01.397,1,2.0,False,,False,True
272,0 days 01:35:41.046000,NOR,4,97.153,25.0,1.0,,,0 days 00:00:28.853000,0 days 00:00:40.958000,0 days 00:00:27.342000,0 days 01:34:32.803000,0 days 01:35:13.761000,0 days 01:35:41.103000,,259.0,250.0,280.0,False,MEDIUM,25.0,True,McLaren,0 days 01:34:03.893000,2025-10-05 12:42:38.356,1,2.0,False,,False,True
273,0 days 01:37:23.751000,NOR,4,102.705,26.0,1.0,,0 days 01:37:17.996000,0 days 00:00:28.768000,0 days 00:00:40.955000,0 days 00:00:32.982000,0 days 01:36:09.871000,0 days 01:36:50.826000,0 days 01:37:23.808000,286.0,261.0,,279.0,False,MEDIUM,26.0,True,McLaren,0 days 01:35:41.046000,2025-10-05 12:44:15.509,1,2.0,False,,False,False
274,0 days 01:39:15.697000,NOR,4,111.946,27.0,2.0,0 days 01:37:41.203000,,0 days 00:00:44.640000,0 days 00:00:40.277000,0 days 00:00:27.029000,0 days 01:38:08.448000,0 days 01:38:48.725000,0 days 01:39:15.754000,284.0,258.0,250.0,,False,HARD,1.0,True,McLaren,0 days 01:37:23.751000,2025-10-05 12:45:58.214,1,4.0,False,,False,False
275,0 days 01:40:51.320000,NOR,4,95.623,28.0,2.0,,,0 days 00:00:28.469000,0 days 00:00:40.198000,0 days 00:00:26.956000,0 days 01:39:44.223000,0 days 01:40:24.421000,0 days 01:40:51.377000,282.0,257.0,252.0,280.0,True,HARD,2.0,True,McLaren,0 days 01:39:15.697000,2025-10-05 12:47:50.160,1,3.0,False,,False,True
276,0 days 01:42:27.017000,NOR,4,95.697,29.0,2.0,,,0 days 00:00:28.462000,0 days 00:00:40.318000,0 days 00:00:26.917000,0 days 01:41:19.839000,0 days 01:42:00.157000,0 days 01:42:27.074000,284.0,258.0,252.0,,False,HARD,3.0,True,McLaren,0 days 01:40:51.320000,2025-10-05 12:49:25.783,1,3.0,False,,False,True
277,0 days 01:44:02.782000,NOR,4,95.765,30.0,2.0,,,0 days 00:00:28.525000,0 days 00:00:40.299000,0 days 00:00:26.941000,0 days 01:42:55.599000,0 days 01:43:35.898000,0 days 01:44:02.839000,279.0,258.0,252.0,281.0,False,HARD,4.0,True,McLaren,0 days 01:42:27.017000,2025-10-05 12:51:01.480,1,3.0,False,,False,True
278,0 days 01:45:38.503000,NOR,4,95.721,31.0,2.0,,,0 days 00:00:28.535000,0 days 00:00:40.317000,0 days 00:00:26.869000,0 days 01:44:31.374000,0 days 01:45:11.691000,0 days 01:45:38.560000,284.0,256.0,253.0,,False,HARD,5.0,True,McLaren,0 days 01:44:02.782000,2025-10-05 12:52:37.245,1,3.0,False,,False,True
279,0 days 01:47:14.139000,NOR,4,95.636,32.0,2.0,,,0 days 00:00:28.407000,0 days 00:00:40.330000,0 days 00:00:26.899000,0 days 01:46:06.967000,0 days 01:46:47.297000,0 days 01:47:14.196000,283.0,259.0,252.0,282.0,False,HARD,6.0,True,McLaren,0 days 01:45:38.503000,2025-10-05 12:54:12.966,1,3.0,False,,False,True
280,0 days 01:48:49.848000,NOR,4,95.709,33.0,2.0,,,0 days 00:00:28.451000,0 days 00:00:40.299000,0 days 00:00:26.959000,0 days 01:47:42.647000,0 days 01:48:22.946000,0 days 01:48:49.905000,285.0,258.0,252.0,281.0,False,HARD,7.0,True,McLaren,0 days 01:47:14.139000,2025-10-05 12:55:48.602,1,3.0,False,,False,True
281,0 days 01:50:25.695000,NOR,4,95.847,34.0,2.0,,,0 days 00:00:28.454000,0 days 00:00:40.303000,0 days 00:00:27.090000,0 days 01:49:18.359000,0 days 01:49:58.662000,0 days 01:50:25.752000,,258.0,252.0,,False,HARD,8.0,True,McLaren,0 days 01:48:49.848000,2025-10-05 12:57:24.311,1,3.0,False,,False,True
282,0 days 01:52:01.682000,NOR,4,95.987,35.0,2.0,,,0 days 00:00:28.440000,0 days 00:00:40.500000,0 days 00:00:27.047000,0 days 01:50:54.192000,0 days 01:51:34.692000,0 days 01:52:01.739000,286.0,260.0,253.0,283.0,False,HARD,9.0,True,McLaren,0 days 01:50:25.695000,2025-10-05 12:59:00.158,1,3.0,False,,False,True
283,0 days 01:53:37.237000,NOR,4,95.555,36.0,2.0,,,0 days 00:00:28.369000,0 days 00:00:40.211000,0 days 00:00:26.975000,0 days 01:52:30.108000,0 days 01:53:10.319000,0 days 01:53:37.294000,285.0,258.0,253.0,281.0,True,HARD,10.0,True,McLaren,0 days 01:52:01.682000,2025-10-05 13:00:36.145,1,3.0,False,,False,True
284,0 days 01:55:13.233000,NOR,4,95.996,37.0,2.0,,,0 days 00:00:28.472000,0 days 00:00:40.505000,0 days 00:00:27.019000,0 days 01:54:05.766000,0 days 01:54:46.271000,0 days 01:55:13.290000,288.0,260.0,253.0,283.0,False,HARD,11.0,True,McLaren,0 days 01:53:37.237000,2025-10-05 13:02:11.700,1,3.0,False,,False,True
285,0 days 01:56:49.233000,NOR,4,96.0,38.0,2.0,,,0 days 00:00:28.497000,0 days 00:00:40.443000,0 days 00:00:27.060000,0 days 01:55:41.787000,0 days 01:56:22.230000,0 days 01:56:49.290000,287.0,260.0,253.0,284.0,False,HARD,12.0,True,McLaren,0 days 01:55:13.233000,2025-10-05 13:03:47.696,1,3.0,False,,False,True
286,0 days 01:58:25.159000,NOR,4,95.926,39.0,2.0,,,0 days 00:00:28.449000,0 days 00:00:40.552000,0 days 00:00:26.925000,0 days 01:57:17.739000,0 days 01:57:58.291000,0 days 01:58:25.216000,288.0,262.0,252.0,282.0,False,HARD,13.0,True,McLaren,0 days 01:56:49.233000,2025-10-05 13:05:23.696,1,3.0,False,,False,True
287,0 days 02:00:01.420000,NOR,4,96.261,40.0,2.0,,,0 days 00:00:28.500000,0 days 00:00:40.597000,0 days 00:00:27.164000,0 days 01:58:53.716000,0 days 01:59:34.313000,0 days 02:00:01.477000,,261.0,252.0,284.0,False,HARD,14.0,True,McLaren,0 days 01:58:25.159000,2025-10-05 13:06:59.622,1,3.0,False,,False,True
288,0 days 02:01:38.480000,NOR,4,97.06,41.0,2.0,,,0 days 00:00:28.611000,0 days 00:00:40.577000,0 days 00:00:27.872000,0 days 02:00:30.088000,0 days 02:01:10.665000,0 days 02:01:38.537000,,262.0,249.0,282.0,False,HARD,15.0,True,McLaren,0 days 02:00:01.420000,2025-10-05 13:08:35.883,1,3.0,False,,False,True
289,0 days 02:03:15.111000,NOR,4,96.631,42.0,2.0,,,0 days 00:00:28.740000,0 days 00:00:40.803000,0 days 00:00:27.088000,0 days 02:02:07.277000,0 days 02:02:48.080000,0 days 02:03:15.168000,,260.0,252.0,281.0,False,HARD,16.0,True,McLaren,0 days 02:01:38.480000,2025-10-05 13:10:12.943,1,3.0,False,,False,True
290,0 days 02:04:51.744000,NOR,4,96.633,43.0,2.0,,,0 days 00:00:28.463000,0 days 00:00:40.906000,0 days 00:00:27.264000,0 days 02:03:43.631000,0 days 02:04:24.537000,0 days 02:04:51.801000,,262.0,253.0,282.0,False,HARD,17.0,True,McLaren,0 days 02:03:15.111000,2025-10-05 13:11:49.574,1,3.0,False,,False,True
291,0 days 02:06:28.125000,NOR,4,96.381,44.0,2.0,,,0 days 00:00:28.545000,0 days 00:00:40.712000,0 days 00:00:27.124000,0 days 02:05:20.346000,0 days 02:06:01.058000,0 days 02:06:28.182000,290.0,262.0,254.0,,False,HARD,18.0,True,McLaren,0 days 02:04:51.744000,2025-10-05 13:13:26.207,1,3.0,False,,False,True
292,0 days 02:08:05.575000,NOR,4,97.45,45.0,2.0,,,0 days 00:00:28.543000,0 days 00:00:41.342000,0 days 00:00:27.565000,0 days 02:06:56.725000,0 days 02:07:38.067000,0 days 02:08:05.632000,273.0,264.0,253.0,283.0,False,HARD,19.0,True,McLaren,0 days 02:06:28.125000,2025-10-05 13:15:02.588,12,3.0,False,,False,True
293,0 days 02:09:42.587000,NOR,4,97.012,46.0,2.0,,,0 days 00:00:28.580000,0 days 00:00:40.948000,0 days 00:00:27.484000,0 days 02:08:34.212000,0 days 02:09:15.160000,0 days 02:09:42.644000,290.0,272.0,256.0,296.0,False,HARD,20.0,True,McLaren,0 days 02:08:05.575000,2025-10-05 13:16:40.038,1,3.0,False,,False,True
294,0 days 02:11:19.905000,NOR,4,97.318,47.0,2.0,,,0 days 00:00:28.408000,0 days 00:00:41.441000,0 days 00:00:27.469000,0 days 02:10:11.052000,0 days 02:10:52.493000,0 days 02:11:19.962000,307.0,273.0,255.0,298.0,False,HARD,21.0,True,McLaren,0 days 02:09:42.587000,2025-10-05 13:18:17.050,1,3.0,False,,False,True
295,0 days 02:12:57.281000,NOR,4,97.376,48.0,2.0,,,0 days 00:00:28.726000,0 days 00:00:41.288000,0 days 00:00:27.362000,0 days 02:11:48.688000,0 days 02:12:29.976000,0 days 02:12:57.338000,,276.0,254.0,301.0,False,HARD,22.0,True,McLaren,0 days 02:11:19.905000,2025-10-05 13:19:54.368,1,3.0,False,,False,True
296,0 days 02:14:33.531000,NOR,4,96.25,49.0,2.0,,,0 days 00:00:28.596000,0 days 00:00:40.803000,0 days 00:00:26.851000,0 days 02:13:25.934000,0 days 02:14:06.737000,0 days 02:14:33.588000,308.0,271.0,257.0,296.0,False,HARD,23.0,True,McLaren,0 days 02:12:57.281000,2025-10-05 13:21:31.744,1,3.0,False,,False,True
297,0 days 02:16:09.489000,NOR,4,95.958,50.0,2.0,,,0 days 00:00:28.226000,0 days 00:00:40.807000,0 days 00:00:26.925000,0 days 02:15:01.814000,0 days 02:15:42.621000,0 days 02:16:09.546000,309.0,272.0,256.0,297.0,False,HARD,24.0,True,McLaren,0 days 02:14:33.531000,2025-10-05 13:23:07.994,1,3.0,False,,False,True
298,0 days 02:17:45.764000,NOR,4,96.275,51.0,2.0,,,0 days 00:00:28.294000,0 days 00:00:40.807000,0 days 00:00:27.174000,0 days 02:16:37.840000,0 days 02:17:18.647000,0 days 02:17:45.821000,304.0,274.0,255.0,301.0,False,HARD,25.0,True,McLaren,0 days 02:16:09.489000,2025-10-05 13:24:43.952,1,3.0,False,,False,True
299,0 days 02:19:22.454000,NOR,4,96.69,52.0,2.0,,,0 days 00:00:28.466000,0 days 00:00:41.079000,0 days 00:00:27.145000,0 days 02:18:14.287000,0 days 02:18:55.366000,0 days 02:19:22.511000,306.0,274.0,255.0,298.0,False,HARD,26.0,True,McLaren,0 days 02:17:45.764000,2025-10-05 13:26:20.227,1,3.0,False,,False,True
300,0 days 02:21:00.268000,NOR,4,97.814,53.0,2.0,,,0 days 00:00:28.229000,0 days 00:00:42.161000,0 days 00:00:27.424000,0 days 02:19:50.740000,0 days 02:20:32.901000,0 days 02:21:00.325000,312.0,273.0,246.0,297.0,False,HARD,27.0,True,McLaren,0 days 02:19:22.454000,2025-10-05 13:27:56.917,1,3.0,False,,False,True
301,0 days 02:22:36.938000,NOR,4,96.67,54.0,2.0,,,0 days 00:00:28.424000,0 days 00:00:41.126000,0 days 00:00:27.120000,0 days 02:21:28.749000,0 days 02:22:09.875000,0 days 02:22:36.995000,308.0,272.0,256.0,299.0,False,HARD,28.0,True,McLaren,0 days 02:21:00.268000,2025-10-05 13:29:34.731,1,3.0,False,,False,True
302,0 days 02:24:13.328000,NOR,4,96.39,55.0,2.0,,,0 days 00:00:28.502000,0 days 00:00:40.884000,0 days 00:00:27.004000,0 days 02:23:05.497000,0 days 02:23:46.381000,0 days 02:24:13.385000,287.0,263.0,255.0,296.0,False,HARD,29.0,True,McLaren,0 days 02:22:36.938000,2025-10-05 13:31:11.401,1,3.0,True,TRACK LIMITS AT TURN 2 LAP 55 ,False,True
303,0 days 02:25:49.652000,NOR,4,96.324,56.0,2.0,,,0 days 00:00:28.551000,0 days 00:00:40.825000,0 days 00:00:26.948000,0 days 02:24:41.936000,0 days 02:25:22.761000,0 days 02:25:49.709000,289.0,274.0,257.0,284.0,False,HARD,30.0,True,McLaren,0 days 02:24:13.328000,2025-10-05 13:32:47.791,1,3.0,False,,False,True
304,0 days 02:27:25.767000,NOR,4,96.115,57.0,2.0,,,0 days 00:00:28.264000,0 days 00:00:40.986000,0 days 00:00:26.865000,0 days 02:26:17.973000,0 days 02:26:58.959000,0 days 02:27:25.824000,306.0,273.0,257.0,299.0,False,HARD,31.0,True,McLaren,0 days 02:25:49.652000,2025-10-05 13:34:24.115,1,3.0,False,,False,True
305,0 days 02:29:01.978000,NOR,4,96.211,58.0,2.0,,,0 days 00:00:28.208000,0 days 00:00:40.926000,0 days 00:00:27.077000,0 days 02:27:54.032000,0 days 02:28:34.958000,0 days 02:29:02.035000,,272.0,256.0,,False,HARD,32.0,True,McLaren,0 days 02:27:25.767000,2025-10-05 13:36:00.230,1,3.0,False,,False,True
306,0 days 02:30:37.797000,NOR,4,95.819,59.0,2.0,,,0 days 00:00:28.300000,0 days 00:00:40.740000,0 days 00:00:26.779000,0 days 02:29:30.335000,0 days 02:30:11.075000,0 days 02:30:37.854000,308.0,273.0,257.0,297.0,False,HARD,33.0,True,McLaren,0 days 02:29:01.978000,2025-10-05 13:37:36.441,1,3.0,False,,False,True
307,0 days 02:32:14.029000,NOR,4,96.232,60.0,2.0,,,0 days 00:00:28.248000,0 days 00:00:41.128000,0 days 00:00:26.856000,0 days 02:31:06.102000,0 days 02:31:47.230000,0 days 02:32:14.086000,307.0,273.0,259.0,298.0,False,HARD,34.0,True,McLaren,0 days 02:30:37.797000,2025-10-05 13:39:12.260,1,3.0,False,,False,True
308,0 days 02:33:50.151000,NOR,4,96.122,61.0,2.0,,,0 days 00:00:28.223000,0 days 00:00:40.832000,0 days 00:00:27.067000,0 days 02:32:42.309000,0 days 02:33:23.141000,0 days 02:33:50.208000,306.0,272.0,255.0,299.0,False,HARD,35.0,True,McLaren,0 days 02:32:14.029000,2025-10-05 13:40:48.492,1,3.0,False,,False,True
309,0 days 02:35:26.401000,NOR,4,96.25,62.0,2.0,,,0 days 00:00:28.277000,0 days 00:00:40.889000,0 days 00:00:27.084000,0 days 02:34:18.485000,0 days 02:34:59.374000,0 days 02:35:26.458000,309.0,275.0,252.0,297.0,False,HARD,36.0,True,McLaren,0 days 02:33:50.151000,2025-10-05 13:42:24.614,1,3.0,False,,False,True
310,0 days 00:56:46.571000,HAM,44,,1.0,1.0,,,,0 days 00:00:44.820000,0 days 00:00:28.864000,,0 days 00:56:17.882000,0 days 00:56:46.739000,300.0,258.0,241.0,208.0,False,MEDIUM,1.0,True,Ferrari,0 days 00:54:57.735000,2025-10-05 12:03:32.198,1,7.0,False,,False,False
311,0 days 00:58:27.921000,HAM,44,101.35,2.0,1.0,,,0 days 00:00:29.805000,0 days 00:00:43.304000,0 days 00:00:28.241000,0 days 00:57:16.448000,0 days 00:57:59.752000,0 days 00:58:27.993000,284.0,265.0,246.0,276.0,True,MEDIUM,2.0,True,Ferrari,0 days 00:56:46.571000,2025-10-05 12:05:21.034,1,7.0,False,,False,True
312,0 days 01:00:07.240000,HAM,44,99.319,3.0,1.0,,,0 days 00:00:29.278000,0 days 00:00:42.303000,0 days 00:00:27.738000,0 days 00:58:57.271000,0 days 00:59:39.574000,0 days 01:00:07.312000,300.0,260.0,249.0,292.0,True,MEDIUM,3.0,True,Ferrari,0 days 00:58:27.921000,2025-10-05 12:07:02.384,1,7.0,False,,False,True
313,0 days 01:01:45.930000,HAM,44,98.69,4.0,1.0,,,0 days 00:00:28.949000,0 days 00:00:41.952000,0 days 00:00:27.789000,0 days 01:00:36.261000,0 days 01:01:18.213000,0 days 01:01:46.002000,296.0,259.0,248.0,286.0,True,MEDIUM,4.0,True,Ferrari,0 days 01:00:07.240000,2025-10-05 12:08:41.703,1,7.0,False,,False,True
314,0 days 01:03:23.715000,HAM,44,97.785,5.0,1.0,,,0 days 00:00:28.962000,0 days 00:00:41.260000,0 days 00:00:27.563000,0 days 01:02:14.964000,0 days 01:02:56.224000,0 days 01:03:23.787000,291.0,263.0,249.0,282.0,True,MEDIUM,5.0,True,Ferrari,0 days 01:01:45.930000,2025-10-05 12:10:20.393,1,7.0,False,,False,True
315,0 days 01:05:01.551000,HAM,44,97.836,6.0,1.0,,,0 days 00:00:29.010000,0 days 00:00:41.331000,0 days 00:00:27.495000,0 days 01:03:52.797000,0 days 01:04:34.128000,0 days 01:05:01.623000,,260.0,249.0,283.0,False,MEDIUM,6.0,True,Ferrari,0 days 01:03:23.715000,2025-10-05 12:11:58.178,1,7.0,False,,False,True
316,0 days 01:06:39.308000,HAM,44,97.757,7.0,1.0,,,0 days 00:00:28.801000,0 days 00:00:41.256000,0 days 00:00:27.700000,0 days 01:05:30.424000,0 days 01:06:11.680000,0 days 01:06:39.380000,297.0,271.0,248.0,287.0,True,MEDIUM,7.0,True,Ferrari,0 days 01:05:01.551000,2025-10-05 12:13:36.014,12,7.0,False,,False,True
317,0 days 01:08:17.207000,HAM,44,97.899,8.0,1.0,,,0 days 00:00:28.997000,0 days 00:00:41.307000,0 days 00:00:27.595000,0 days 01:07:08.377000,0 days 01:07:49.684000,0 days 01:08:17.279000,287.0,251.0,249.0,280.0,False,MEDIUM,8.0,True,Ferrari,0 days 01:06:39.308000,2025-10-05 12:15:13.771,1,7.0,False,,False,True
318,0 days 01:09:55.003000,HAM,44,97.796,9.0,1.0,,,0 days 00:00:28.996000,0 days 00:00:41.269000,0 days 00:00:27.531000,0 days 01:08:46.275000,0 days 01:09:27.544000,0 days 01:09:55.075000,291.0,258.0,248.0,278.0,False,MEDIUM,9.0,True,Ferrari,0 days 01:08:17.207000,2025-10-05 12:16:51.670,1,7.0,False,,False,True
319,0 days 01:11:32.746000,HAM,44,97.743,10.0,1.0,,,0 days 00:00:28.969000,0 days 00:00:41.311000,0 days 00:00:27.463000,0 days 01:10:24.044000,0 days 01:11:05.355000,0 days 01:11:32.818000,295.0,263.0,249.0,285.0,True,MEDIUM,10.0,True,Ferrari,0 days 01:09:55.003000,2025-10-05 12:18:29.466,1,7.0,False,,False,True
320,0 days 01:13:10.207000,HAM,44,97.461,11.0,1.0,,,0 days 00:00:28.918000,0 days 00:00:41.169000,0 days 00:00:27.374000,0 days 01:12:01.736000,0 days 01:12:42.905000,0 days 01:13:10.279000,294.0,261.0,250.0,284.0,True,MEDIUM,11.0,True,Ferrari,0 days 01:11:32.746000,2025-10-05 12:20:07.209,1,7.0,False,,False,True
321,0 days 01:14:47.516000,HAM,44,97.309,12.0,1.0,,,0 days 00:00:28.619000,0 days 00:00:41.221000,0 days 00:00:27.469000,0 days 01:13:38.898000,0 days 01:14:20.119000,0 days 01:14:47.588000,303.0,269.0,249.0,293.0,True,MEDIUM,12.0,True,Ferrari,0 days 01:13:10.207000,2025-10-05 12:21:44.670,1,7.0,False,,False,True
322,0 days 01:16:25.864000,HAM,44,98.348,13.0,1.0,,,0 days 00:00:29.011000,0 days 00:00:41.747000,0 days 00:00:27.590000,0 days 01:15:16.599000,0 days 01:15:58.346000,0 days 01:16:25.936000,290.0,261.0,248.0,291.0,False,MEDIUM,13.0,True,Ferrari,0 days 01:14:47.516000,2025-10-05 12:23:21.979,1,7.0,False,,False,True
323,0 days 01:18:03.513000,HAM,44,97.649,14.0,1.0,,,0 days 00:00:28.943000,0 days 00:00:41.266000,0 days 00:00:27.440000,0 days 01:16:54.879000,0 days 01:17:36.145000,0 days 01:18:03.585000,293.0,264.0,249.0,286.0,False,MEDIUM,14.0,True,Ferrari,0 days 01:16:25.864000,2025-10-05 12:25:00.327,1,7.0,False,,False,True
324,0 days 01:19:41.326000,HAM,44,97.813,15.0,1.0,,,0 days 00:00:28.923000,0 days 00:00:41.419000,0 days 00:00:27.471000,0 days 01:18:32.508000,0 days 01:19:13.927000,0 days 01:19:41.398000,295.0,262.0,248.0,,False,MEDIUM,15.0,True,Ferrari,0 days 01:18:03.513000,2025-10-05 12:26:37.976,1,7.0,False,,False,True
325,0 days 01:21:19.367000,HAM,44,98.041,16.0,1.0,,,0 days 00:00:29.061000,0 days 00:00:41.478000,0 days 00:00:27.502000,0 days 01:20:10.459000,0 days 01:20:51.937000,0 days 01:21:19.439000,291.0,262.0,248.0,285.0,False,MEDIUM,16.0,True,Ferrari,0 days 01:19:41.326000,2025-10-05 12:28:15.789,1,7.0,False,,False,True
326,0 days 01:22:56.864000,HAM,44,97.497,17.0,1.0,,,0 days 00:00:28.937000,0 days 00:00:41.149000,0 days 00:00:27.411000,0 days 01:21:48.376000,0 days 01:22:29.525000,0 days 01:22:56.936000,293.0,262.0,250.0,,False,MEDIUM,17.0,True,Ferrari,0 days 01:21:19.367000,2025-10-05 12:29:53.830,1,7.0,False,,False,True
327,0 days 01:24:34.535000,HAM,44,97.671,18.0,1.0,,,0 days 00:00:28.920000,0 days 00:00:41.371000,0 days 00:00:27.380000,0 days 01:23:25.856000,0 days 01:24:07.227000,0 days 01:24:34.607000,294.0,262.0,250.0,283.0,False,MEDIUM,18.0,True,Ferrari,0 days 01:22:56.864000,2025-10-05 12:31:31.327,1,7.0,False,,False,True
328,0 days 01:26:12.130000,HAM,44,97.595,19.0,1.0,,,0 days 00:00:28.903000,0 days 00:00:41.224000,0 days 00:00:27.468000,0 days 01:25:03.510000,0 days 01:25:44.734000,0 days 01:26:12.202000,297.0,264.0,249.0,286.0,False,MEDIUM,19.0,True,Ferrari,0 days 01:24:34.535000,2025-10-05 12:33:08.998,1,7.0,False,,False,True
329,0 days 01:27:49.901000,HAM,44,97.771,20.0,1.0,,,0 days 00:00:29.046000,0 days 00:00:41.250000,0 days 00:00:27.475000,0 days 01:26:41.248000,0 days 01:27:22.498000,0 days 01:27:49.973000,295.0,263.0,248.0,285.0,False,MEDIUM,20.0,True,Ferrari,0 days 01:26:12.130000,2025-10-05 12:34:46.593,1,6.0,False,,False,True
330,0 days 01:29:27.940000,HAM,44,98.039,21.0,1.0,,,0 days 00:00:29.002000,0 days 00:00:41.498000,0 days 00:00:27.539000,0 days 01:28:18.975000,0 days 01:29:00.473000,0 days 01:29:28.012000,297.0,263.0,248.0,287.0,False,MEDIUM,21.0,True,Ferrari,0 days 01:27:49.901000,2025-10-05 12:36:24.364,1,5.0,False,,False,True
331,0 days 01:31:06.200000,HAM,44,98.26,22.0,1.0,,,0 days 00:00:28.987000,0 days 00:00:41.656000,0 days 00:00:27.617000,0 days 01:29:56.999000,0 days 01:30:38.655000,0 days 01:31:06.272000,295.0,263.0,249.0,,False,MEDIUM,22.0,True,Ferrari,0 days 01:29:27.940000,2025-10-05 12:38:02.403,1,5.0,False,,False,True
332,0 days 01:32:44.084000,HAM,44,97.884,23.0,1.0,,,0 days 00:00:28.992000,0 days 00:00:41.420000,0 days 00:00:27.472000,0 days 01:31:35.264000,0 days 01:32:16.684000,0 days 01:32:44.156000,,263.0,249.0,,False,MEDIUM,23.0,True,Ferrari,0 days 01:31:06.200000,2025-10-05 12:39:40.663,1,5.0,False,,False,True
333,0 days 01:34:27.643000,HAM,44,103.559,24.0,1.0,,0 days 01:34:21.905000,0 days 00:00:28.935000,0 days 00:00:41.460000,0 days 00:00:33.164000,0 days 01:33:13.091000,0 days 01:33:54.551000,0 days 01:34:27.715000,294.0,264.0,,,False,MEDIUM,24.0,True,Ferrari,0 days 01:32:44.084000,2025-10-05 12:41:18.547,1,6.0,False,,False,False
334,0 days 01:36:22.301000,HAM,44,114.658,25.0,2.0,0 days 01:34:46.623000,,0 days 00:00:46.473000,0 days 00:00:40.943000,0 days 00:00:27.242000,0 days 01:35:14.188000,0 days 01:35:55.131000,0 days 01:36:22.373000,291.0,263.0,250.0,,False,HARD,1.0,True,Ferrari,0 days 01:34:27.643000,2025-10-05 12:43:02.106,1,8.0,False,,False,False
335,0 days 01:37:59.108000,HAM,44,96.807,26.0,2.0,,,0 days 00:00:28.668000,0 days 00:00:40.875000,0 days 00:00:27.264000,0 days 01:36:51.041000,0 days 01:37:31.916000,0 days 01:37:59.180000,293.0,263.0,251.0,284.0,True,HARD,2.0,True,Ferrari,0 days 01:36:22.301000,2025-10-05 12:44:56.764,1,8.0,False,,False,True
336,0 days 01:39:35.568000,HAM,44,96.46,27.0,2.0,,,0 days 00:00:28.791000,0 days 00:00:40.584000,0 days 00:00:27.085000,0 days 01:38:27.971000,0 days 01:39:08.555000,0 days 01:39:35.640000,290.0,262.0,251.0,282.0,True,HARD,3.0,True,Ferrari,0 days 01:37:59.108000,2025-10-05 12:46:33.571,1,8.0,False,,False,True
337,0 days 01:41:11.700000,HAM,44,96.132,28.0,2.0,,,0 days 00:00:28.601000,0 days 00:00:40.565000,0 days 00:00:26.966000,0 days 01:40:04.241000,0 days 01:40:44.806000,0 days 01:41:11.772000,294.0,265.0,252.0,286.0,True,HARD,4.0,True,Ferrari,0 days 01:39:35.568000,2025-10-05 12:48:10.031,1,7.0,False,,False,True
338,0 days 01:42:47.833000,HAM,44,96.133,29.0,2.0,,,0 days 00:00:28.636000,0 days 00:00:40.452000,0 days 00:00:27.045000,0 days 01:41:40.408000,0 days 01:42:20.860000,0 days 01:42:47.905000,293.0,262.0,252.0,285.0,False,HARD,5.0,True,Ferrari,0 days 01:41:11.700000,2025-10-05 12:49:46.163,1,7.0,False,,False,True
339,0 days 01:44:24.044000,HAM,44,96.211,30.0,2.0,,,0 days 00:00:28.627000,0 days 00:00:40.585000,0 days 00:00:26.999000,0 days 01:43:16.532000,0 days 01:43:57.117000,0 days 01:44:24.116000,294.0,264.0,252.0,287.0,False,HARD,6.0,True,Ferrari,0 days 01:42:47.833000,2025-10-05 12:51:22.296,1,7.0,False,,False,True
340,0 days 01:46:00.292000,HAM,44,96.248,31.0,2.0,,,0 days 00:00:28.596000,0 days 00:00:40.627000,0 days 00:00:27.025000,0 days 01:44:52.712000,0 days 01:45:33.339000,0 days 01:46:00.364000,289.0,263.0,252.0,,False,HARD,7.0,True,Ferrari,0 days 01:44:24.044000,2025-10-05 12:52:58.507,1,7.0,False,,False,True
341,0 days 01:47:36.341000,HAM,44,96.049,32.0,2.0,,,0 days 00:00:28.546000,0 days 00:00:40.428000,0 days 00:00:27.075000,0 days 01:46:28.910000,0 days 01:47:09.338000,0 days 01:47:36.413000,292.0,263.0,251.0,,True,HARD,8.0,True,Ferrari,0 days 01:46:00.292000,2025-10-05 12:54:34.755,1,7.0,False,,False,True
342,0 days 01:49:12.708000,HAM,44,96.367,33.0,2.0,,,0 days 00:00:28.622000,0 days 00:00:40.726000,0 days 00:00:27.019000,0 days 01:48:05.035000,0 days 01:48:45.761000,0 days 01:49:12.780000,290.0,262.0,252.0,285.0,False,HARD,9.0,True,Ferrari,0 days 01:47:36.341000,2025-10-05 12:56:10.804,1,7.0,False,,False,True
343,0 days 01:50:48.857000,HAM,44,96.149,34.0,2.0,,,0 days 00:00:28.446000,0 days 00:00:40.733000,0 days 00:00:26.970000,0 days 01:49:41.226000,0 days 01:50:21.959000,0 days 01:50:48.929000,293.0,263.0,252.0,,False,HARD,10.0,True,Ferrari,0 days 01:49:12.708000,2025-10-05 12:57:47.171,1,7.0,False,,False,True
344,0 days 01:52:25.016000,HAM,44,96.159,35.0,2.0,,,0 days 00:00:28.466000,0 days 00:00:40.676000,0 days 00:00:27.017000,0 days 01:51:17.395000,0 days 01:51:58.071000,0 days 01:52:25.088000,295.0,264.0,253.0,287.0,False,HARD,11.0,True,Ferrari,0 days 01:50:48.857000,2025-10-05 12:59:23.320,1,7.0,False,,False,True
345,0 days 01:54:01.102000,HAM,44,96.086,36.0,2.0,,,0 days 00:00:28.569000,0 days 00:00:40.532000,0 days 00:00:26.985000,0 days 01:52:53.657000,0 days 01:53:34.189000,0 days 01:54:01.174000,294.0,263.0,252.0,286.0,False,HARD,12.0,True,Ferrari,0 days 01:52:25.016000,2025-10-05 13:00:59.479,1,7.0,False,,False,True
346,0 days 01:55:37.550000,HAM,44,96.448,37.0,2.0,,,0 days 00:00:28.703000,0 days 00:00:40.714000,0 days 00:00:27.031000,0 days 01:54:29.877000,0 days 01:55:10.591000,0 days 01:55:37.622000,295.0,263.0,249.0,,False,HARD,13.0,True,Ferrari,0 days 01:54:01.102000,2025-10-05 13:02:35.565,1,7.0,False,,False,True
347,0 days 01:57:13.932000,HAM,44,96.382,38.0,2.0,,,0 days 00:00:28.554000,0 days 00:00:40.649000,0 days 00:00:27.179000,0 days 01:56:06.176000,0 days 01:56:46.825000,0 days 01:57:14.004000,,264.0,251.0,,False,HARD,14.0,True,Ferrari,0 days 01:55:37.550000,2025-10-05 13:04:12.013,1,7.0,False,,False,True
348,0 days 01:58:50.395000,HAM,44,96.463,39.0,2.0,,,0 days 00:00:28.769000,0 days 00:00:40.713000,0 days 00:00:26.981000,0 days 01:57:42.773000,0 days 01:58:23.486000,0 days 01:58:50.467000,,264.0,253.0,,False,HARD,15.0,True,Ferrari,0 days 01:57:13.932000,2025-10-05 13:05:48.395,1,7.0,False,,False,True
349,0 days 02:00:26.824000,HAM,44,96.429,40.0,2.0,,,0 days 00:00:28.659000,0 days 00:00:40.705000,0 days 00:00:27.065000,0 days 01:59:19.126000,0 days 01:59:59.831000,0 days 02:00:26.896000,294.0,263.0,252.0,,False,HARD,16.0,True,Ferrari,0 days 01:58:50.395000,2025-10-05 13:07:24.858,1,7.0,False,,False,True
350,0 days 02:02:02.894000,HAM,44,96.07,41.0,2.0,,,0 days 00:00:28.542000,0 days 00:00:40.555000,0 days 00:00:26.973000,0 days 02:00:55.438000,0 days 02:01:35.993000,0 days 02:02:02.966000,296.0,265.0,253.0,287.0,False,HARD,17.0,True,Ferrari,0 days 02:00:26.824000,2025-10-05 13:09:01.287,1,7.0,False,,False,True
351,0 days 02:03:39.162000,HAM,44,96.268,42.0,2.0,,,0 days 00:00:28.472000,0 days 00:00:40.689000,0 days 00:00:27.107000,0 days 02:02:31.438000,0 days 02:03:12.127000,0 days 02:03:39.234000,295.0,263.0,250.0,284.0,False,HARD,18.0,True,Ferrari,0 days 02:02:02.894000,2025-10-05 13:10:37.357,1,7.0,False,,False,True
352,0 days 02:05:15.172000,HAM,44,96.01,43.0,2.0,,,0 days 00:00:28.532000,0 days 00:00:40.617000,0 days 00:00:26.861000,0 days 02:04:07.766000,0 days 02:04:48.383000,0 days 02:05:15.244000,298.0,266.0,254.0,287.0,True,HARD,19.0,True,Ferrari,0 days 02:03:39.162000,2025-10-05 13:12:13.625,1,7.0,False,,False,True
353,0 days 02:06:51.059000,HAM,44,95.887,44.0,2.0,,,0 days 00:00:28.578000,0 days 00:00:40.531000,0 days 00:00:26.778000,0 days 02:05:43.822000,0 days 02:06:24.353000,0 days 02:06:51.131000,295.0,264.0,255.0,,True,HARD,20.0,True,Ferrari,0 days 02:05:15.172000,2025-10-05 13:13:49.635,1,7.0,False,,False,True
354,0 days 02:08:26.983000,HAM,44,95.924,45.0,2.0,,,0 days 00:00:28.460000,0 days 00:00:40.572000,0 days 00:00:26.892000,0 days 02:07:19.591000,0 days 02:08:00.163000,0 days 02:08:27.055000,297.0,265.0,253.0,288.0,False,HARD,21.0,True,Ferrari,0 days 02:06:51.059000,2025-10-05 13:15:25.522,12,7.0,False,,False,True
355,0 days 02:10:08.804000,HAM,44,101.821,46.0,2.0,,0 days 02:10:03.032000,0 days 00:00:28.590000,0 days 00:00:40.643000,0 days 00:00:32.588000,0 days 02:08:55.645000,0 days 02:09:36.288000,0 days 02:10:08.876000,298.0,266.0,,289.0,False,HARD,22.0,True,Ferrari,0 days 02:08:26.983000,2025-10-05 13:17:01.446,1,7.0,False,,False,False
356,0 days 02:11:59.307000,HAM,44,110.503,47.0,3.0,0 days 02:10:26.416000,,0 days 00:00:44.667000,0 days 00:00:39.476000,0 days 00:00:26.360000,0 days 02:10:53.543000,0 days 02:11:33.019000,0 days 02:11:59.379000,291.0,262.0,253.0,,False,SOFT,4.0,False,Ferrari,0 days 02:10:08.804000,2025-10-05 13:18:43.267,1,7.0,False,,False,False
357,0 days 02:13:33.115000,HAM,44,93.808,48.0,3.0,,,0 days 00:00:27.993000,0 days 00:00:39.392000,0 days 00:00:26.423000,0 days 02:12:27.372000,0 days 02:13:06.764000,0 days 02:13:33.187000,292.0,264.0,253.0,285.0,True,SOFT,5.0,False,Ferrari,0 days 02:11:59.307000,2025-10-05 13:20:33.770,1,7.0,False,,False,True
358,0 days 02:15:07.427000,HAM,44,94.312,49.0,3.0,,,0 days 00:00:28.155000,0 days 00:00:39.671000,0 days 00:00:26.486000,0 days 02:14:01.342000,0 days 02:14:41.013000,0 days 02:15:07.499000,,263.0,254.0,,False,SOFT,6.0,False,Ferrari,0 days 02:13:33.115000,2025-10-05 13:22:07.578,1,7.0,False,,False,True
359,0 days 02:16:41.788000,HAM,44,94.361,50.0,3.0,,,0 days 00:00:28.202000,0 days 00:00:39.713000,0 days 00:00:26.446000,0 days 02:15:35.701000,0 days 02:16:15.414000,0 days 02:16:41.860000,295.0,265.0,254.0,287.0,False,SOFT,7.0,False,Ferrari,0 days 02:15:07.427000,2025-10-05 13:23:41.890,1,7.0,False,,False,True
360,0 days 02:18:16.447000,HAM,44,94.659,51.0,3.0,,,0 days 00:00:28.219000,0 days 00:00:39.831000,0 days 00:00:26.609000,0 days 02:17:10.079000,0 days 02:17:49.910000,0 days 02:18:16.519000,,266.0,253.0,288.0,False,SOFT,8.0,False,Ferrari,0 days 02:16:41.788000,2025-10-05 13:25:16.251,1,7.0,False,,False,True
361,0 days 02:19:51.252000,HAM,44,94.805,52.0,3.0,,,0 days 00:00:28.125000,0 days 00:00:39.882000,0 days 00:00:26.798000,0 days 02:18:44.644000,0 days 02:19:24.526000,0 days 02:19:51.324000,297.0,267.0,252.0,,False,SOFT,9.0,False,Ferrari,0 days 02:18:16.447000,2025-10-05 13:26:50.910,1,7.0,False,,False,True
362,0 days 02:21:26.571000,HAM,44,95.319,53.0,3.0,,,0 days 00:00:28.406000,0 days 00:00:40.284000,0 days 00:00:26.629000,0 days 02:20:19.730000,0 days 02:21:00.014000,0 days 02:21:26.643000,,266.0,253.0,287.0,False,SOFT,10.0,False,Ferrari,0 days 02:19:51.252000,2025-10-05 13:28:25.715,1,7.0,False,,False,True
363,0 days 02:23:01.458000,HAM,44,94.887,54.0,3.0,,,0 days 00:00:28.275000,0 days 00:00:40.012000,0 days 00:00:26.600000,0 days 02:21:54.918000,0 days 02:22:34.930000,0 days 02:23:01.530000,299.0,267.0,253.0,289.0,False,SOFT,11.0,False,Ferrari,0 days 02:21:26.571000,2025-10-05 13:30:01.034,1,7.0,False,,False,True
364,0 days 02:24:37.518000,HAM,44,96.06,55.0,3.0,,,0 days 00:00:28.394000,0 days 00:00:40.849000,0 days 00:00:26.817000,0 days 02:23:29.924000,0 days 02:24:10.773000,0 days 02:24:37.590000,298.0,275.0,255.0,288.0,False,SOFT,12.0,False,Ferrari,0 days 02:23:01.458000,2025-10-05 13:31:35.921,1,7.0,False,,False,True
365,0 days 02:26:13.712000,HAM,44,96.194,56.0,3.0,,,0 days 00:00:28.142000,0 days 00:00:40.985000,0 days 00:00:27.067000,0 days 02:25:05.732000,0 days 02:25:46.717000,0 days 02:26:13.784000,299.0,266.0,252.0,297.0,False,SOFT,13.0,False,Ferrari,0 days 02:24:37.518000,2025-10-05 13:33:11.981,1,6.0,False,,False,True
366,0 days 02:27:48.953000,HAM,44,95.241,57.0,3.0,,,0 days 00:00:28.303000,0 days 00:00:40.263000,0 days 00:00:26.675000,0 days 02:26:42.087000,0 days 02:27:22.350000,0 days 02:27:49.025000,301.0,269.0,254.0,290.0,False,SOFT,14.0,False,Ferrari,0 days 02:26:13.712000,2025-10-05 13:34:48.175,1,6.0,False,,False,True
367,0 days 02:29:24.572000,HAM,44,95.619,58.0,3.0,,,0 days 00:00:28.276000,0 days 00:00:40.520000,0 days 00:00:26.823000,0 days 02:28:17.301000,0 days 02:28:57.821000,0 days 02:29:24.644000,299.0,266.0,254.0,,False,SOFT,15.0,False,Ferrari,0 days 02:27:48.953000,2025-10-05 13:36:23.416,1,6.0,False,,False,True
368,0 days 02:31:03.739000,HAM,44,99.167,59.0,3.0,,,0 days 00:00:28.415000,0 days 00:00:41.697000,0 days 00:00:29.055000,0 days 02:29:53.059000,0 days 02:30:34.756000,0 days 02:31:03.811000,314.0,277.0,238.0,,False,SOFT,16.0,False,Ferrari,0 days 02:29:24.572000,2025-10-05 13:37:59.035,1,6.0,False,,False,True
369,0 days 02:32:44.205000,HAM,44,100.466,60.0,3.0,,,0 days 00:00:29.443000,0 days 00:00:41.377000,0 days 00:00:29.646000,0 days 02:31:33.254000,0 days 02:32:14.631000,0 days 02:32:44.277000,266.0,268.0,202.0,259.0,False,SOFT,17.0,False,Ferrari,0 days 02:31:03.739000,2025-10-05 13:39:38.202,1,6.0,True,TRACK LIMITS AT TURN 16 LAP 60 ,False,True
370,0 days 02:34:52.873000,HAM,44,128.668,61.0,3.0,,,0 days 00:00:37.558000,0 days 00:00:55.907000,0 days 00:00:35.203000,0 days 02:33:21.835000,0 days 02:34:17.742000,0 days 02:34:52.945000,167.0,163.0,196.0,189.0,False,SOFT,18.0,False,Ferrari,0 days 02:32:44.205000,2025-10-05 13:41:18.668,1,7.0,True,TRACK LIMITS AT TURN 5 LAP 61 ,False,True
371,0 days 02:36:40.586000,HAM,44,107.713,62.0,3.0,,,0 days 00:00:33.209000,0 days 00:00:45.885000,0 days 00:00:28.619000,0 days 02:35:26.154000,0 days 02:36:12.039000,0 days 02:36:40.658000,198.0,224.0,248.0,209.0,False,SOFT,19.0,False,Ferrari,0 days 02:34:52.873000,2025-10-05 13:43:27.336,1,7.0,False,,False,True
372,0 days 00:56:45.532000,LEC,16,,1.0,1.0,,,,0 days 00:00:44.347000,0 days 00:00:29.204000,,0 days 00:56:16.429000,0 days 00:56:45.689000,294.0,259.0,238.0,215.0,False,MEDIUM,1.0,True,Ferrari,0 days 00:54:57.735000,2025-10-05 12:03:32.198,1,5.0,False,,False,False
373,0 days 00:58:26.609000,LEC,16,101.077,2.0,1.0,,,0 days 00:00:29.620000,0 days 00:00:43.084000,0 days 00:00:28.373000,0 days 00:57:15.200000,0 days 00:57:58.284000,0 days 00:58:26.657000,283.0,261.0,244.0,279.0,True,MEDIUM,2.0,True,Ferrari,0 days 00:56:45.532000,2025-10-05 12:05:19.995,1,5.0,False,,False,True
374,0 days 01:00:05.651000,LEC,16,99.042,3.0,1.0,,,0 days 00:00:29.059000,0 days 00:00:42.016000,0 days 00:00:27.967000,0 days 00:58:55.716000,0 days 00:59:37.732000,0 days 01:00:05.699000,295.0,264.0,245.0,285.0,True,MEDIUM,3.0,True,Ferrari,0 days 00:58:26.609000,2025-10-05 12:07:01.072,1,5.0,False,,False,True
375,0 days 01:01:43.916000,LEC,16,98.265,4.0,1.0,,,0 days 00:00:28.948000,0 days 00:00:41.518000,0 days 00:00:27.799000,0 days 01:00:34.647000,0 days 01:01:16.165000,0 days 01:01:43.964000,286.0,262.0,246.0,279.0,True,MEDIUM,4.0,True,Ferrari,0 days 01:00:05.651000,2025-10-05 12:08:40.114,1,5.0,False,,False,True
376,0 days 01:03:21.977000,LEC,16,98.061,5.0,1.0,,,0 days 00:00:28.915000,0 days 00:00:41.427000,0 days 00:00:27.719000,0 days 01:02:12.879000,0 days 01:02:54.306000,0 days 01:03:22.025000,291.0,261.0,247.0,283.0,True,MEDIUM,5.0,True,Ferrari,0 days 01:01:43.916000,2025-10-05 12:10:18.379,1,5.0,False,,False,True
377,0 days 01:04:59.804000,LEC,16,97.827,6.0,1.0,,,0 days 00:00:28.878000,0 days 00:00:41.251000,0 days 00:00:27.698000,0 days 01:03:50.903000,0 days 01:04:32.154000,0 days 01:04:59.852000,294.0,263.0,246.0,284.0,True,MEDIUM,6.0,True,Ferrari,0 days 01:03:21.977000,2025-10-05 12:11:56.440,1,5.0,False,,False,True
378,0 days 01:06:37.650000,LEC,16,97.846,7.0,1.0,,,0 days 00:00:28.817000,0 days 00:00:41.417000,0 days 00:00:27.612000,0 days 01:05:28.669000,0 days 01:06:10.086000,0 days 01:06:37.698000,292.0,263.0,247.0,286.0,False,MEDIUM,7.0,True,Ferrari,0 days 01:04:59.804000,2025-10-05 12:13:34.267,12,5.0,False,,False,True
379,0 days 01:08:15.072000,LEC,16,97.422,8.0,1.0,,,0 days 00:00:28.769000,0 days 00:00:41.167000,0 days 00:00:27.486000,0 days 01:07:06.467000,0 days 01:07:47.634000,0 days 01:08:15.120000,,262.0,247.0,284.0,True,MEDIUM,8.0,True,Ferrari,0 days 01:06:37.650000,2025-10-05 12:15:12.113,1,5.0,False,,False,True
380,0 days 01:09:52.256000,LEC,16,97.184,9.0,1.0,,,0 days 00:00:28.686000,0 days 00:00:40.972000,0 days 00:00:27.526000,0 days 01:08:43.806000,0 days 01:09:24.778000,0 days 01:09:52.304000,293.0,263.0,245.0,286.0,True,MEDIUM,9.0,True,Ferrari,0 days 01:08:15.072000,2025-10-05 12:16:49.535,1,5.0,False,,False,True
381,0 days 01:11:29.986000,LEC,16,97.73,10.0,1.0,,,0 days 00:00:28.876000,0 days 00:00:41.292000,0 days 00:00:27.562000,0 days 01:10:21.180000,0 days 01:11:02.472000,0 days 01:11:30.034000,,263.0,247.0,285.0,False,MEDIUM,10.0,True,Ferrari,0 days 01:09:52.256000,2025-10-05 12:18:26.719,1,5.0,False,,False,True
382,0 days 01:13:07.857000,LEC,16,97.871,11.0,1.0,,,0 days 00:00:28.984000,0 days 00:00:41.314000,0 days 00:00:27.573000,0 days 01:11:59.018000,0 days 01:12:40.332000,0 days 01:13:07.905000,292.0,262.0,248.0,,False,MEDIUM,11.0,True,Ferrari,0 days 01:11:29.986000,2025-10-05 12:20:04.449,1,5.0,False,,False,True
383,0 days 01:14:45.475000,LEC,16,97.618,12.0,1.0,,,0 days 00:00:28.848000,0 days 00:00:41.276000,0 days 00:00:27.494000,0 days 01:13:36.753000,0 days 01:14:18.029000,0 days 01:14:45.523000,294.0,264.0,249.0,287.0,False,MEDIUM,12.0,True,Ferrari,0 days 01:13:07.857000,2025-10-05 12:21:42.320,1,5.0,False,,False,True
384,0 days 01:16:22.906000,LEC,16,97.431,13.0,1.0,,,0 days 00:00:28.718000,0 days 00:00:41.200000,0 days 00:00:27.513000,0 days 01:15:14.241000,0 days 01:15:55.441000,0 days 01:16:22.954000,,263.0,247.0,286.0,False,MEDIUM,13.0,True,Ferrari,0 days 01:14:45.475000,2025-10-05 12:23:19.938,1,5.0,False,,False,True
385,0 days 01:18:00.399000,LEC,16,97.493,14.0,1.0,,,0 days 00:00:28.805000,0 days 00:00:41.201000,0 days 00:00:27.487000,0 days 01:16:51.759000,0 days 01:17:32.960000,0 days 01:18:00.447000,,263.0,247.0,,False,MEDIUM,14.0,True,Ferrari,0 days 01:16:22.906000,2025-10-05 12:24:57.369,1,5.0,False,,False,True
386,0 days 01:19:38.047000,LEC,16,97.648,15.0,1.0,,,0 days 00:00:28.919000,0 days 00:00:41.205000,0 days 00:00:27.524000,0 days 01:18:29.366000,0 days 01:19:10.571000,0 days 01:19:38.095000,293.0,263.0,247.0,285.0,False,MEDIUM,15.0,True,Ferrari,0 days 01:18:00.399000,2025-10-05 12:26:34.862,1,5.0,False,,False,True
387,0 days 01:21:15.572000,LEC,16,97.525,16.0,1.0,,,0 days 00:00:28.919000,0 days 00:00:41.118000,0 days 00:00:27.488000,,0 days 01:20:48.132000,0 days 01:21:15.620000,295.0,264.0,247.0,288.0,False,MEDIUM,16.0,True,Ferrari,0 days 01:19:38.047000,2025-10-05 12:28:12.510,1,5.0,False,,False,True
388,0 days 01:22:53.567000,LEC,16,97.995,17.0,1.0,,,0 days 00:00:28.999000,0 days 00:00:41.329000,0 days 00:00:27.667000,0 days 01:21:44.619000,0 days 01:22:25.948000,0 days 01:22:53.615000,292.0,262.0,248.0,285.0,False,MEDIUM,17.0,True,Ferrari,0 days 01:21:15.572000,2025-10-05 12:29:50.035,1,5.0,False,,False,True
389,0 days 01:24:31.698000,LEC,16,98.131,18.0,1.0,,,0 days 00:00:28.873000,0 days 00:00:41.645000,0 days 00:00:27.613000,0 days 01:23:22.488000,0 days 01:24:04.133000,0 days 01:24:31.746000,276.0,263.0,247.0,286.0,False,MEDIUM,18.0,True,Ferrari,0 days 01:22:53.567000,2025-10-05 12:31:28.030,1,5.0,False,,False,True
390,0 days 01:26:09.534000,LEC,16,97.836,19.0,1.0,,,0 days 00:00:29,0 days 00:00:41.267000,0 days 00:00:27.569000,0 days 01:25:00.746000,0 days 01:25:42.013000,0 days 01:26:09.582000,288.0,264.0,248.0,283.0,False,MEDIUM,19.0,True,Ferrari,0 days 01:24:31.698000,2025-10-05 12:33:06.161,1,5.0,False,,False,True
391,0 days 01:27:46.868000,LEC,16,97.334,20.0,1.0,,,0 days 00:00:28.794000,0 days 00:00:41.096000,0 days 00:00:27.444000,0 days 01:26:38.376000,0 days 01:27:19.472000,0 days 01:27:46.916000,291.0,262.0,249.0,284.0,False,MEDIUM,20.0,True,Ferrari,0 days 01:26:09.534000,2025-10-05 12:34:43.997,1,4.0,False,,False,True
392,0 days 01:29:30.240000,LEC,16,103.372,21.0,1.0,,0 days 01:29:24.436000,0 days 00:00:28.846000,0 days 00:00:41.183000,0 days 00:00:33.343000,0 days 01:28:15.762000,0 days 01:28:56.945000,0 days 01:29:30.288000,,262.0,,285.0,False,MEDIUM,21.0,True,Ferrari,0 days 01:27:46.868000,2025-10-05 12:36:21.331,1,6.0,False,,False,False
393,0 days 01:31:24.429000,LEC,16,114.189,22.0,2.0,0 days 01:29:48.148000,,0 days 00:00:45.619000,0 days 00:00:41.214000,0 days 00:00:27.356000,0 days 01:30:15.907000,0 days 01:30:57.121000,0 days 01:31:24.477000,316.0,262.0,249.0,,False,HARD,1.0,True,Ferrari,0 days 01:29:30.240000,2025-10-05 12:38:04.703,1,9.0,False,,False,False
394,0 days 01:33:00.807000,LEC,16,96.378,23.0,2.0,,,0 days 00:00:28.542000,0 days 00:00:40.615000,0 days 00:00:27.221000,0 days 01:31:53.019000,0 days 01:32:33.634000,0 days 01:33:00.855000,291.0,262.0,249.0,283.0,True,HARD,2.0,True,Ferrari,0 days 01:31:24.429000,2025-10-05 12:39:58.892,1,8.0,False,,False,True
395,0 days 01:34:37.214000,LEC,16,96.407,24.0,2.0,,,0 days 00:00:28.617000,0 days 00:00:40.550000,0 days 00:00:27.240000,0 days 01:33:29.472000,0 days 01:34:10.022000,0 days 01:34:37.262000,,263.0,250.0,285.0,False,HARD,3.0,True,Ferrari,0 days 01:33:00.807000,2025-10-05 12:41:35.270,1,8.0,False,,False,True
396,0 days 01:36:13.510000,LEC,16,96.296,25.0,2.0,,,0 days 00:00:28.532000,0 days 00:00:40.523000,0 days 00:00:27.241000,0 days 01:35:05.794000,0 days 01:35:46.317000,0 days 01:36:13.558000,292.0,263.0,249.0,,True,HARD,4.0,True,Ferrari,0 days 01:34:37.214000,2025-10-05 12:43:11.677,1,7.0,False,,False,True
397,0 days 01:37:50.079000,LEC,16,96.569,26.0,2.0,,,0 days 00:00:28.616000,0 days 00:00:40.666000,0 days 00:00:27.287000,0 days 01:36:42.174000,0 days 01:37:22.840000,0 days 01:37:50.127000,294.0,264.0,250.0,287.0,False,HARD,5.0,True,Ferrari,0 days 01:36:13.510000,2025-10-05 12:44:47.973,1,6.0,False,,False,True
398,0 days 01:39:27.812000,LEC,16,97.733,27.0,2.0,,,0 days 00:00:28.728000,0 days 00:00:41.169000,0 days 00:00:27.836000,0 days 01:38:18.855000,0 days 01:39:00.024000,0 days 01:39:27.860000,,272.0,251.0,286.0,False,HARD,6.0,True,Ferrari,0 days 01:37:50.079000,2025-10-05 12:46:24.542,1,5.0,False,,False,True
399,0 days 01:41:04.626000,LEC,16,96.814,28.0,2.0,,,0 days 00:00:28.533000,0 days 00:00:40.852000,0 days 00:00:27.429000,0 days 01:39:56.393000,0 days 01:40:37.245000,0 days 01:41:04.674000,290.0,259.0,251.0,292.0,False,HARD,7.0,True,Ferrari,0 days 01:39:27.812000,2025-10-05 12:48:02.275,1,5.0,False,,False,True
400,0 days 01:42:41.328000,LEC,16,96.702,29.0,2.0,,,0 days 00:00:28.698000,0 days 00:00:40.674000,0 days 00:00:27.330000,0 days 01:41:33.372000,0 days 01:42:14.046000,0 days 01:42:41.376000,293.0,264.0,251.0,276.0,False,HARD,8.0,True,Ferrari,0 days 01:41:04.626000,2025-10-05 12:49:39.089,1,5.0,False,,False,True
401,0 days 01:44:17.729000,LEC,16,96.401,30.0,2.0,,,0 days 00:00:28.530000,0 days 00:00:40.741000,0 days 00:00:27.130000,0 days 01:43:09.906000,0 days 01:43:50.647000,0 days 01:44:17.777000,292.0,260.0,251.0,286.0,False,HARD,9.0,True,Ferrari,0 days 01:42:41.328000,2025-10-05 12:51:15.791,1,5.0,False,,False,True
402,0 days 01:45:54.247000,LEC,16,96.518,31.0,2.0,,,0 days 00:00:28.654000,0 days 00:00:40.574000,0 days 00:00:27.290000,0 days 01:44:46.431000,0 days 01:45:27.005000,0 days 01:45:54.295000,293.0,262.0,250.0,,False,HARD,10.0,True,Ferrari,0 days 01:44:17.729000,2025-10-05 12:52:52.192,1,5.0,False,,False,True
403,0 days 01:47:30.786000,LEC,16,96.539,32.0,2.0,,,0 days 00:00:28.594000,0 days 00:00:40.722000,0 days 00:00:27.223000,0 days 01:46:22.889000,0 days 01:47:03.611000,0 days 01:47:30.834000,291.0,263.0,251.0,,False,HARD,11.0,True,Ferrari,0 days 01:45:54.247000,2025-10-05 12:54:28.710,1,5.0,False,,False,True
404,0 days 01:49:07.267000,LEC,16,96.481,33.0,2.0,,,0 days 00:00:28.535000,0 days 00:00:40.587000,0 days 00:00:27.359000,0 days 01:47:59.369000,0 days 01:48:39.956000,0 days 01:49:07.315000,293.0,263.0,250.0,287.0,False,HARD,12.0,True,Ferrari,0 days 01:47:30.786000,2025-10-05 12:56:05.249,1,5.0,False,,False,True
405,0 days 01:50:43.553000,LEC,16,96.286,34.0,2.0,,,0 days 00:00:28.569000,0 days 00:00:40.580000,0 days 00:00:27.137000,0 days 01:49:35.884000,0 days 01:50:16.464000,0 days 01:50:43.601000,,263.0,251.0,286.0,True,HARD,13.0,True,Ferrari,0 days 01:49:07.267000,2025-10-05 12:57:41.730,1,5.0,False,,False,True
406,0 days 01:52:20.061000,LEC,16,96.508,35.0,2.0,,,0 days 00:00:28.522000,0 days 00:00:40.667000,0 days 00:00:27.319000,0 days 01:51:12.123000,0 days 01:51:52.790000,0 days 01:52:20.109000,,263.0,250.0,287.0,False,HARD,14.0,True,Ferrari,0 days 01:50:43.553000,2025-10-05 12:59:18.016,1,5.0,False,,False,True
407,0 days 01:53:56.637000,LEC,16,96.576,36.0,2.0,,,0 days 00:00:28.616000,0 days 00:00:40.736000,0 days 00:00:27.224000,0 days 01:52:48.725000,0 days 01:53:29.461000,0 days 01:53:56.685000,291.0,262.0,252.0,285.0,False,HARD,15.0,True,Ferrari,0 days 01:52:20.061000,2025-10-05 13:00:54.524,1,5.0,False,,False,True
408,0 days 01:55:32.805000,LEC,16,96.168,37.0,2.0,,,0 days 00:00:28.434000,0 days 00:00:40.480000,0 days 00:00:27.254000,0 days 01:54:25.119000,0 days 01:55:05.599000,0 days 01:55:32.853000,295.0,264.0,251.0,287.0,True,HARD,16.0,True,Ferrari,0 days 01:53:56.637000,2025-10-05 13:02:31.100,1,5.0,False,,False,True
409,0 days 01:57:09.526000,LEC,16,96.721,38.0,2.0,,,0 days 00:00:28.627000,0 days 00:00:40.772000,0 days 00:00:27.322000,0 days 01:56:01.480000,0 days 01:56:42.252000,0 days 01:57:09.574000,292.0,262.0,252.0,285.0,False,HARD,17.0,True,Ferrari,0 days 01:55:32.805000,2025-10-05 13:04:07.268,1,5.0,False,,False,True
410,0 days 01:58:45.840000,LEC,16,96.314,39.0,2.0,,,0 days 00:00:28.568000,0 days 00:00:40.574000,0 days 00:00:27.172000,0 days 01:57:38.142000,0 days 01:58:18.716000,0 days 01:58:45.888000,293.0,265.0,252.0,287.0,False,HARD,18.0,True,Ferrari,0 days 01:57:09.526000,2025-10-05 13:05:43.989,1,5.0,False,,False,True
411,0 days 02:00:22.147000,LEC,16,96.307,40.0,2.0,,,0 days 00:00:28.555000,0 days 00:00:40.544000,0 days 00:00:27.208000,0 days 01:59:14.443000,0 days 01:59:54.987000,0 days 02:00:22.195000,291.0,263.0,252.0,286.0,False,HARD,19.0,True,Ferrari,0 days 01:58:45.840000,2025-10-05 13:07:20.303,1,5.0,False,,False,True
412,0 days 02:01:58.130000,LEC,16,95.983,41.0,2.0,,,0 days 00:00:28.395000,0 days 00:00:40.535000,0 days 00:00:27.053000,0 days 02:00:50.590000,0 days 02:01:31.125000,0 days 02:01:58.178000,293.0,264.0,253.0,,True,HARD,20.0,True,Ferrari,0 days 02:00:22.147000,2025-10-05 13:08:56.610,1,5.0,False,,False,True
413,0 days 02:03:34.418000,LEC,16,96.288,42.0,2.0,,,0 days 00:00:28.460000,0 days 00:00:40.680000,0 days 00:00:27.148000,0 days 02:02:26.638000,0 days 02:03:07.318000,0 days 02:03:34.466000,294.0,265.0,251.0,287.0,False,HARD,21.0,True,Ferrari,0 days 02:01:58.130000,2025-10-05 13:10:32.593,1,5.0,False,,False,True
414,0 days 02:05:10.815000,LEC,16,96.397,43.0,2.0,,,0 days 00:00:28.514000,0 days 00:00:40.803000,0 days 00:00:27.080000,0 days 02:04:02.980000,0 days 02:04:43.783000,0 days 02:05:10.863000,293.0,264.0,253.0,285.0,False,HARD,22.0,True,Ferrari,0 days 02:03:34.418000,2025-10-05 13:12:08.881,1,5.0,False,,False,True
415,0 days 02:06:47.071000,LEC,16,96.256,44.0,2.0,,,0 days 00:00:28.478000,0 days 00:00:40.682000,0 days 00:00:27.096000,0 days 02:05:39.341000,0 days 02:06:20.023000,0 days 02:06:47.119000,296.0,266.0,253.0,287.0,False,HARD,23.0,True,Ferrari,0 days 02:05:10.815000,2025-10-05 13:13:45.278,1,5.0,False,,False,True
416,0 days 02:08:23.660000,LEC,16,96.589,45.0,2.0,,,0 days 00:00:28.522000,0 days 00:00:40.992000,0 days 00:00:27.075000,0 days 02:07:15.641000,0 days 02:07:56.633000,0 days 02:08:23.708000,,266.0,253.0,288.0,False,HARD,24.0,True,Ferrari,0 days 02:06:47.071000,2025-10-05 13:15:21.534,12,5.0,False,,False,True
417,0 days 02:09:59.698000,LEC,16,96.038,46.0,2.0,,,0 days 00:00:28.473000,0 days 00:00:40.588000,0 days 00:00:26.977000,0 days 02:08:52.181000,0 days 02:09:32.769000,0 days 02:09:59.746000,,266.0,253.0,289.0,False,HARD,25.0,True,Ferrari,0 days 02:08:23.660000,2025-10-05 13:16:58.123,1,5.0,False,,False,True
418,0 days 02:11:36.294000,LEC,16,96.596,47.0,2.0,,,0 days 00:00:28.565000,0 days 00:00:40.887000,0 days 00:00:27.144000,0 days 02:10:28.311000,0 days 02:11:09.198000,0 days 02:11:36.342000,,266.0,252.0,,False,HARD,26.0,True,Ferrari,0 days 02:09:59.698000,2025-10-05 13:18:34.161,1,5.0,False,,False,True
419,0 days 02:13:12.841000,LEC,16,96.547,48.0,2.0,,,0 days 00:00:28.530000,0 days 00:00:40.916000,0 days 00:00:27.101000,0 days 02:12:04.872000,0 days 02:12:45.788000,0 days 02:13:12.889000,,267.0,251.0,,False,HARD,27.0,True,Ferrari,0 days 02:11:36.294000,2025-10-05 13:20:10.757,1,5.0,False,,False,True
420,0 days 02:14:49.884000,LEC,16,97.043,49.0,2.0,,,0 days 00:00:28.802000,0 days 00:00:40.994000,0 days 00:00:27.247000,0 days 02:13:41.691000,0 days 02:14:22.685000,0 days 02:14:49.932000,298.0,267.0,253.0,,False,HARD,28.0,True,Ferrari,0 days 02:13:12.841000,2025-10-05 13:21:47.304,1,5.0,False,,False,True
421,0 days 02:16:26.693000,LEC,16,96.809,50.0,2.0,,,0 days 00:00:28.627000,0 days 00:00:41.021000,0 days 00:00:27.161000,0 days 02:15:18.559000,0 days 02:15:59.580000,0 days 02:16:26.741000,299.0,267.0,253.0,290.0,False,HARD,29.0,True,Ferrari,0 days 02:14:49.884000,2025-10-05 13:23:24.347,1,5.0,False,,False,True
422,0 days 02:18:03.793000,LEC,16,97.1,51.0,2.0,,,0 days 00:00:28.589000,0 days 00:00:40.982000,0 days 00:00:27.529000,0 days 02:16:55.330000,0 days 02:17:36.312000,0 days 02:18:03.841000,297.0,267.0,253.0,,False,HARD,30.0,True,Ferrari,0 days 02:16:26.693000,2025-10-05 13:25:01.156,1,5.0,False,,False,True
423,0 days 02:19:42.070000,LEC,16,98.277,52.0,2.0,,,0 days 00:00:29.044000,0 days 00:00:41.549000,0 days 00:00:27.684000,0 days 02:18:32.885000,0 days 02:19:14.434000,0 days 02:19:42.118000,301.0,270.0,251.0,291.0,False,HARD,31.0,True,Ferrari,0 days 02:18:03.793000,2025-10-05 13:26:38.256,1,5.0,False,,False,True
424,0 days 02:21:21.282000,LEC,16,99.212,53.0,2.0,,,0 days 00:00:28.877000,0 days 00:00:41.583000,0 days 00:00:28.752000,0 days 02:20:10.995000,0 days 02:20:52.578000,0 days 02:21:21.330000,290.0,270.0,252.0,285.0,False,HARD,32.0,True,Ferrari,0 days 02:19:42.070000,2025-10-05 13:28:16.533,1,6.0,False,,False,True
425,0 days 02:22:59.169000,LEC,16,97.887,54.0,2.0,,,0 days 00:00:28.797000,0 days 00:00:41.682000,0 days 00:00:27.408000,0 days 02:21:50.127000,0 days 02:22:31.809000,0 days 02:22:59.217000,303.0,269.0,253.0,300.0,False,HARD,33.0,True,Ferrari,0 days 02:21:21.282000,2025-10-05 13:29:55.745,1,6.0,False,,False,True
426,0 days 02:24:36.867000,LEC,16,97.698,55.0,2.0,,,0 days 00:00:28.763000,0 days 00:00:41.567000,0 days 00:00:27.368000,0 days 02:23:27.980000,0 days 02:24:09.547000,0 days 02:24:36.915000,298.0,269.0,224.0,290.0,False,HARD,34.0,True,Ferrari,0 days 02:22:59.169000,2025-10-05 13:31:33.632,1,6.0,False,,False,True
427,0 days 02:26:15.709000,LEC,16,98.842,56.0,2.0,,,0 days 00:00:29.679000,0 days 00:00:41.859000,0 days 00:00:27.304000,0 days 02:25:06.594000,0 days 02:25:48.453000,0 days 02:26:15.757000,304.0,270.0,253.0,261.0,False,HARD,35.0,True,Ferrari,0 days 02:24:36.867000,2025-10-05 13:33:11.330,1,7.0,False,,False,True
428,0 days 02:27:53.368000,LEC,16,97.659,57.0,2.0,,,0 days 00:00:28.795000,0 days 00:00:41.450000,0 days 00:00:27.414000,0 days 02:26:44.552000,0 days 02:27:26.002000,0 days 02:27:53.416000,311.0,269.0,252.0,291.0,False,HARD,36.0,True,Ferrari,0 days 02:26:15.709000,2025-10-05 13:34:50.172,1,7.0,False,,False,True
429,0 days 02:29:30.408000,LEC,16,97.04,58.0,2.0,,,0 days 00:00:28.586000,0 days 00:00:41.096000,0 days 00:00:27.358000,0 days 02:28:22.002000,0 days 02:29:03.098000,0 days 02:29:30.456000,299.0,268.0,251.0,292.0,False,HARD,37.0,True,Ferrari,0 days 02:27:53.368000,2025-10-05 13:36:27.831,1,7.0,False,,False,True
430,0 days 02:31:07.812000,LEC,16,97.404,59.0,2.0,,,0 days 00:00:28.719000,0 days 00:00:41.260000,0 days 00:00:27.425000,0 days 02:29:59.175000,0 days 02:30:40.435000,0 days 02:31:07.860000,,268.0,253.0,290.0,False,HARD,38.0,True,Ferrari,0 days 02:29:30.408000,2025-10-05 13:38:04.871,1,7.0,False,,False,True
431,0 days 02:32:45.440000,LEC,16,97.628,60.0,2.0,,,0 days 00:00:28.878000,0 days 00:00:41.313000,0 days 00:00:27.437000,0 days 02:31:36.738000,0 days 02:32:18.051000,0 days 02:32:45.488000,300.0,268.0,252.0,292.0,False,HARD,39.0,True,Ferrari,0 days 02:31:07.812000,2025-10-05 13:39:42.275,1,7.0,False,,False,True
432,0 days 02:34:26.767000,LEC,16,101.327,61.0,2.0,,,0 days 00:00:30.565000,0 days 00:00:42.619000,0 days 00:00:28.143000,0 days 02:33:16.053000,0 days 02:33:58.672000,0 days 02:34:26.815000,290.0,266.0,248.0,282.0,False,HARD,40.0,True,Ferrari,0 days 02:32:45.440000,2025-10-05 13:41:19.903,1,6.0,True,TRACK LIMITS AT TURN 2 LAP 61 ,False,True
433,0 days 02:36:06.331000,LEC,16,99.564,62.0,2.0,,,0 days 00:00:29.085000,0 days 00:00:42.107000,0 days 00:00:28.372000,0 days 02:34:55.900000,0 days 02:35:38.007000,0 days 02:36:06.379000,289.0,265.0,241.0,287.0,False,HARD,41.0,True,Ferrari,0 days 02:34:26.767000,2025-10-05 13:43:01.230,1,6.0,False,,False,True
